name	price	off	ratings	total_ratings	free_delivery	fastest_delivery
"Dell [Smartchoice] Core i3-1215U, 12th Gen (8GB RAM/512GB SSD/FHD/Window 11/MS Office' 21/15""(38 cm)/15 Month McAfee/Black/1.69kg Laptop"	35990.0	0.26	3.7	552	FREE delivery Fri, 15 Nov	Or fastest delivery Tomorrow, 14 Nov
"Dell {Smartchoice} G15-5530 Core i5-13450HX| NVIDIA RTX 3050, 6GB (16GB RAM|1TB SSD, FHD|Window 11|MS Office' 21|15.6"" (39.62cm)|Dark Shadow Grey|2.65Kg|Gaming Laptop"	77990.0	0.26	3.9	929	FREE delivery Fri, 15 Nov	Or fastest delivery Tomorrow, 14 Nov
"Acer Chromebook CB315-4H Intel Celeron N4500 (Chrome OS/8 GB RAM/128 GB/WiFi 6) 39.6 cm (15.6"") Full HD, Silver, 1.6 KG, 3 Months Google One AI Premium Plan with Gemini Advanced & 2TB Cloud Storage"	15990.0	0.57	3.4	30	FREE delivery Fri, 15 Nov	Or fastest delivery Tomorrow, 14 Nov
"Acer Aspire 3 Laptop Intel Core Celeron N4500 Processor Laptop (8 GB LPDDR4X SDRAM/256 GB SSD/Win11 Home/38 WHR/HD Webcam) A325-45 with 39.63 cm (15.6"") HD Display, Pure Silver, 1.5 KG"	20990.0	0.32	3.3	139	FREE delivery Fri, 15 Nov	Or fastest delivery Tomorrow, 14 Nov
Apple MacBook Air Laptop: Apple M1 chip, 13.3-inch/33.74 cm Retina Display, 8GB RAM, 256GB SSD Storage, Backlit Keyboard, FaceTime HD Camera, Touch ID. Works with iPhone/iPad; Space Grey	73990.0	0.2	4.6	5696	FREE delivery Fri, 15 Nov	Or fastest delivery Tomorrow, 14 Nov
"Lenovo [Smart Choice Ideapad Gaming 3 Laptop AMD Ryzen 5 5500H 15.6"" (39.62Cm) Fhd IPS 300Nits 144Hz (8Gb/512Gb Ssd/Win11/Nvidia RTX 2050 4Gb/Alexa/3 Month Game Pass/Shadow Black/2.32Kg),82K20289In"	48190.0	0.38	4.0	681	FREE delivery Fri, 15 Nov	Or fastest delivery Tomorrow, 14 Nov
Primebook 4G, 2024(New, WiFi+4G) Android Based MediaTek MT8788 - (PrimeOS) 4G SIM Slot, Thin and Light Laptop (11.6 Inch, 1.065 Kg, Type C, USB, HDMI, MicroSD) (4GB/64GB eMMC Storage, Black)	14790.0	0.4	4.6	204	FREE delivery Fri, 15 Nov	Or fastest delivery Tomorrow, 14 Nov
"Lenovo IdeaPad Slim 1 AMD Ryzen 5 5500U 15.6"" HD Thin and Light Laptop (16GB/512GB SSD/Integrated AMD Graphics/Windows 11 Home/MSO 21/1Yr ADP Free/Cloud Grey/1.61Kg), 82R400ERIN"	41190.0	0.29	4.1	157	FREE delivery Fri, 15 Nov	Or fastest delivery Tomorrow, 14 Nov
"Lenovo LOQ 2024 Intel Core i5-13450HX 15.6"" (39.6cm) 144Hz 300Nits FHD IPS Gaming Laptop (16GB/512GB SSD/Win 11/NVIDIA RTX 4050 6GB Graphics/MSO 21/1Yr ADP Free/3 Mon Game Pass/Grey/2.4Kg), 83DV007GIN"	87190.0	0.23	4.0	149	FREE delivery Fri, 15 Nov	Or fastest delivery Tomorrow, 14 Nov
HP 15s Ryzen 5000 (16GB RAM/512GB SSD/FHD/Windows 11/MS Office 21/Backlit Keyboard/ 15.6” (39.6 cm)/Silver/2.21 KG) eq2305AU/eq2182au Laptop	41990.0	0.29	4.0	767	FREE delivery Fri, 15 Nov	Or fastest delivery Tomorrow, 14 Nov
"(Refurbished) Lenovo ThinkPad 5th Gen Intel Core i5 Thin & Light HD Laptop (8 GB RAM/256 GB SSD/14"" (35.6 cm) HD/Windows 10 Pro/MS Office/WiFi/Webcam/Intel Graphics), Black"	12740.0	0.78	3.5	636	FREE delivery	
"Acer Aspire Lite AMD Ryzen 5-5625U Premium Thin and Light Laptop (16 GB RAM/512 GB SSD/Windows 11 Home) AL15-41, 39.62 cm (15.6"") Full HD Display, Metal Body, Steel Gray, 1.59 KG"	34990.0	0.41	4.0	51	FREE delivery Fri, 15 Nov	Or fastest delivery Tomorrow, 14 Nov
"Lenovo IdeaPad Slim 3 13th Gen Intel Core i7-13620H 15"" (38.1cm) FHD IPS 300 Nits Thin & Light Laptop (16GB/512GB SSD/Win 11/MSO 21/1Yr ADP Free/Alexa Built-in/3 mon Game Pass/Grey/1.6Kg), 83EM008GIN"	66190.0	0.22	3.9	629	FREE delivery Fri, 15 Nov	Or fastest delivery Tomorrow, 14 Nov
HP Laptop 14, Intel Core Ultra 5 125H, Built-in AI, 14-inch (35.6 cm), FHD, 16GB DDR5, 512GB SSD, Intel Arc Graphics, 1080p FHD Camera w/Privacy Shutter, Backlit KB (Win 11, Silver, 1.4 kg), gr1022TU	67990.0	0.17	4.6	3	FREE delivery Fri, 15 Nov	Or fastest delivery Tomorrow, 14 Nov
Apple 2024 MacBook Air 13″ Laptop with M3 chip: 34.46 cm (13.6″) Liquid Retina Display, 8GB Unified Memory, 256GB SSD Storage, Backlit Keyboard, 1080p FaceTime HD Camera, Touch ID- Midnight	107990.0	0.06	4.5	91	FREE delivery Sat, 16 Nov	Or fastest delivery Tomorrow, 14 Nov
"Acer Aspire Lite 13th Gen Intel Core i3-1305U Thin and Light Premium Laptop (Windows 11 Home/8 GB RAM/512GB SSD) AL15-52, 39.62cm (15.6"") Full HD Display, Metal Body, Steel Gray, 1.59 KG"	32990.0	0.35	3.9	1141	FREE delivery Fri, 15 Nov	Or fastest delivery Tomorrow, 14 Nov
"HP Laptop 255 G9 (2024), AMD Athlon Silver 3050U - (8GB/256GB SSD/AMD Radeon Graphics/Windows 11 Pro) Thin and Light Business Laptop/15.6"" (39.62cm)/Black/1.47 kg/MS Office 2021 Pro Plus"	22800.0	0.7	3.7	5	FREE delivery Mon, 18 Nov	
HONOR MagicBook X16 (2024), 12th Gen Intel Core i5-12450H, 16-inch (40.64 cm) FHD IPS Anti-Glare Thin and Light Laptop (16GB/512GB PCIe SSD/Windows 11/ Full-Size Numeric Keyboard /1.68Kg), Gray	39990.0	0.49	4.0	506	FREE delivery Fri, 15 Nov	Or fastest delivery Tomorrow, 14 Nov
"Lenovo V15 G2 15.6"" FHD Anti-Glare Business Laptop, Intel Celeron N4500, 8GB RAM, 256 SSD, Intel UHD Graphics, HD Camera, HD Audio, Wi-Fi, Bluetooth, Windows 11, Black"	22990.0	0.71	3.3	23	FREE delivery Fri, 15 Nov	Or fastest delivery Tomorrow, 14 Nov
HP Smartchoice Victus Gaming Laptop, 13th Gen Intel Core i5-13420H,6GB RTX 4050 GPU,15.6-inch(39.6 cm),FHD,IPS,144 Hz,16GB DDR4,1TB SSD,Backlit KB,B&O (Win 11,MSO,Blue,2.37 kg),fa1317TX	48990.0	0.22	3.9	45	FREE delivery Fri, 15 Nov	Or fastest delivery Tomorrow, 14 Nov
"Dell G15-5530 Gaming Laptop, Intel Core i5-13450HX Processor, 16GB DDR5, 512GB,NVIDIA RTX 3050,6GB GDDR6, 15.6"" (39.62cm) FHD 120Hz 250 nits, Backlit KB Orange,Windows 11 + MSO'21,Dark Shadow, 2.65kg"	53820.0	0.23	3.9	929	FREE delivery Fri, 15 Nov	Or fastest delivery Tomorrow, 14 Nov
Lenovo [Smartchoice LOQ 12th Gen Intel Core i5-12450HX /39.6cm/ 144Hz 300Nits FHD Gaming Laptop (16GB/512GB SSD/Win 11/ RTX 3050 6GB Graphics/100% sRGB/MSO 21/3 Mon Game Pass/Grey/2.4Kg), 83GS003UIN	53820.0	0.23	3.9	407	FREE delivery Fri, 15 Nov	Or fastest delivery Tomorrow, 14 Nov
"Dell [Smartchoice]15 Thin & Light Laptop, Intel Core i5-1235U Processor, 8GB, 512GB, 15.6"" (39.62cm) FHD 120Hz 250 nits Display, Intel UHD Graphics Win 11 + MSO'21 + 15 Month McAfee, Titan Grey,1.69kg"	48990.0	0.22	3.5	513	FREE delivery Fri, 15 Nov	Or fastest delivery Tomorrow, 14 Nov
"Lenovo IdeaPad Slim 3 12th Gen Intel Core i5-12450H 14"" (35.5cm) FHD 250 Nits Thin & Light Laptop (16GB/512GB SSD/Win 11/Office 21/1Yr ADP Free/Alexa built-in/3 mon. Game Pass/Grey/1.37Kg), 83EQ005VIN"	53820.0	0.23	3.8	412	FREE delivery Fri, 15 Nov	Or fastest delivery Tomorrow, 14 Nov
"Acer Aspire 3 Laptop Intel Core Celeron N4500 Processor Laptop (8 GB LPDDR4X SDRAM/256 GB SSD/Win11 Home/38 Whr/HD Webcam) A324-45 with 35.56 cm (14"") HD Display, Pure Silver, 1.3 KG"	19990.0	0.33	3.3	139	FREE delivery Sat, 16 Nov	Or fastest delivery Tomorrow, 14 Nov
"Acer Aspire 3 Laptop Intel Core Celeron N4500 Processor Laptop (8 GB LPDDR4X SDRAM/512 GB SSD/Win11 Home/38 Whr/HD Webcam) A324-45 with 35.56 cm (14"") HD Display, Pure Silver, 1.3 KG"	20990.0	0.36	3.3	139	FREE delivery Mon, 18 Nov	Or fastest delivery Tomorrow, 14 Nov
HP 15s Core i3 12th Gen (8GB RAM/512 GB SSD/FHD/Windows 11/MS Office 21/15.6” (39.6cm)/Silver/1.69kg) fy5006TU Laptop	35790.0	0.28	4.1	635	FREE delivery Sat, 16 Nov	Or fastest delivery Tomorrow, 14 Nov
ASUS TUF Gaming A15, Ryzen 7 7435HS, 15.6-inch, FHD 144Hz, Gaming Laptop (16GB RAM/512GB SSD/NVIDIA GeForce RTX 3050/Windows 11/48WHr/Graphite Black/2.3 Kg), FA506NCR-HN054W	65990.0	0.21	4.0	327	FREE delivery Fri, 15 Nov	Or fastest delivery Tomorrow, 14 Nov
"(Refurbished) HP EliteBook 820 G4 7th Gen Intel Core i5 Thin & Light HD Laptop (8 GB DDR4 RAM|256 GB SSD|12.5"" (31.8 cm) HD|Windows 11|MS Office|WiFi|Webcam|Intel HD Graphics)"	13999.0	0.84	2.9	3	FREE delivery Mon, 18 Nov	Or fastest delivery Sat, 16 Nov
"(Refurbished) HP Elitebook 745 G5| AMD Ryzen 5 Pro 2500U Laptop ( 8 GB DDR4 RAM | 256 GB SSD | 14"" (35.6 cm) HD | Windows 11 | MS Office | WiFi | BT | Webcam | AMD Radeon Graphics)"	19999.0	0.8	5.0	2	FREE delivery	This item will be released on November 14, 2024.
"Dell [Smartchoice] Core i3-1215U, 12th Gen (8GB RAM/512GB SSD/FHD/Window 11/MS Office' 21/15""(38 cm)/15 Month McAfee/Black/1.69kg Laptop"	35990.0	0.26	3.7	552	FREE delivery Fri, 15 Nov	Or fastest delivery Tomorrow, 14 Nov
"Dell Inspiron 3530 Laptop, 13th Gen Intel Core i5-1334U Processor, 16GB, 512GB SSD, 15.6""(39.62cm) FHD 120Hz 250 nits, Backlit KB, Windows 11 + Mso'21 & 15 Month McAfee, Silver, Thin & Light- 1.62kg"	55155.0	0.24	3.7	23	FREE delivery Fri, 15 Nov	Or fastest delivery Tomorrow, 14 Nov
"Lenovo ThinkPad E14 Intel Core i5 13th Gen 14"" WUXGA IPS 300 Nits Thin and Light Laptop (16GB RAM/1TB SSD/Windows 11 Home/Backlit Keyboard/FPR/Black/1Y Onsite/1.41 kg), 21JKS0X900"	72030.0	0.36	5.0	2	FREE delivery Fri, 15 Nov	Or fastest delivery Tomorrow, 14 Nov
"Dell Inspiron 3535, AMD Ryzen 3 7320U Processor, (8GB RAM/512GB SSD/Window 11/MS Office' 21/15.6""(39.62 cm) FHD Display/15 Month McAfee/Carbon Black/1.67kg Thin & Light Laptop"	29990.0	0.23	3.9	40	FREE delivery Sat, 16 Nov	Or fastest delivery Tomorrow, 14 Nov
"(Refurbished) Lenovo ThinkPad T470 7th Gen Intel Core i5 Thin & Light HD Laptop (8 GB DDR4 RAM|256 GB SSD|14"" (35.6 cm) HD|Windows 11|WiFi|Bluetooth|Webcam|Intel HD Graphics)"	16100.0	0.84	4.5	2	FREE delivery Sat, 16 Nov	Or fastest delivery Fri, 15 Nov
HP Laptop 15s, AMD Ryzen 7 5700U, 15.6-inch (39.6 cm), FHD, 16GB DDR4, 512GB SSD, AMD Radeon graphics, Backlit KB, Thin & light, Dual speakers (Win 11, MSO 2021, Silver, 1.69 kg), ey2001AU	44090.0	0.31	3.9	185	FREE delivery Fri, 15 Nov	Or fastest delivery Tomorrow, 14 Nov
ASUS Vivobook 16, IntelCore i3-1215U 12th Gen, Thin and Light Laptop, 16-inch (40.64 cm) FHD+, (8 GB RAM/512GB SSD/Windows 11/Fingerprint/Black/1.88kg), X1605ZAB-MB322WS	34990.0	0.38	3.8	361	FREE delivery Fri, 15 Nov	Or fastest delivery Tomorrow, 14 Nov
"Acer [Smartchoice Aspire Lite AMD Ryzen 3 5300U Premium Thin and Light Laptop (Windows 11 Home/8 GB RAM/512 GB SSD) AL15-41 with 39.62 cm (15.6"") Full HD Display, Metal Body, Steel Gray, 1.6 KG"	28990.0	0.4	3.9	747	FREE delivery Fri, 15 Nov	Or fastest delivery Tomorrow, 14 Nov
"Lenovo V15 G4 AMD Athlon Silver 7120U Laptop 8GB LPDDR5 Ram, 512 GB SSD PCIe, Windows 11 Lifetime Validity,15.6"" FHD Screen, AMD Radeon 610M, Silver, 1 Year Brand Warranty"	24990.0	0.34	4.0	90	FREE delivery Mon, 18 Nov	Or fastest delivery Tomorrow, 14 Nov
"Dell Inspiron 3530 Thin & Light Laptop, 13th Gen Intel Core i3-1305U/8GB/512GB SSD/15.6"" (39.62cm) 120Hz Refresh Rate on a FHD IPS Display/Windows 11 + MSO'21+McAfee 15 Month/Carbon Black/1.62kg"	40149.0	0.24	3.7	552	FREE delivery Fri, 15 Nov	Or fastest delivery Tomorrow, 14 Nov
"Lenovo V14 G3 (2024), Intel Core i3 12th Gen 1215U - (8GB/512GB SSD/Intel Integrated UHD Graphics/Windows 11 Pro) Thin and Light Business Laptop/14.0"" FHD Display/Iron Grey/1.57 kg/MS Office 2021"	31890.0	0.56	5.0	3	FREE delivery Mon, 18 Nov	
"Lenovo IdeaPad Slim 1 Intel Core Celeron N4020 14"" HD Thin and Light Laptop (8GB/512GB SSD/Windows 11 Home/Office 21/1Yr Warranty/Cloud Grey/1.3Kg), 82V6009LIN"	26190.0	0.39	3.7	220	FREE delivery Fri, 15 Nov	Or fastest delivery Tomorrow, 14 Nov
Apple 2024 MacBook Pro Laptop with M4 Pro chip with 14u202fcore CPU and 20u202fcore GPU: Built for Apple Intelligence, (14.2u2033) Liquid Retina XDR Display, 24GB Unified Memory, 1TB SSD Storage; Space Black	51990.0	23.0	3.5	513	FREE delivery Fri, 15 Nov	Or fastest delivery Tomorrow, 14 Nov
Apple 2024 MacBook Pro Laptop with M4 chip with 10u202fcore CPU and 10u202fcore GPU: Built for Apple Intelligence, (14.2u2033) Liquid Retina XDR Display, 14GB Unified Memory, 1TB SSD Storage; Space Black	51990.0	23.0	3.5	513	FREE delivery Fri, 15 Nov	Or fastest delivery Tomorrow, 14 Nov
Apple 2024 MacBook Pro Laptop with M4 Pro chip with 10u202fcore CPU and 16u202fcore GPU: Built for Apple Intelligence, (14.2u2033) Liquid Retina XDR Display, 24GB Unified Memory, 512GB SSD Storage; Silver	77490.0	30.0	3.4	11	FREE delivery	Or fastest delivery Tomorrow, 14 Nov
Dell 15 Thin & Light Laptop, Intel Core i5-1235U Processor/16GB DDR4+512GB SSD/Intel UHD Graphics/15 Inch (38cm) FHD Display/Windows 11 + MSO'21/15 Month McAfee/Carbon Black/Spill Resistant KB/1.69kg	51990.0	23.0	3.5	513	FREE delivery Fri, 15 Nov	Or fastest delivery Tomorrow, 14 Nov
Acer Swift Go 14 Built-in AI PC Premium Laptop Intel Core Ultra 5 125H (14-inch OLED WQXGA+/16GB LPDDR5X/512GB SSD/Intel Arc Graphics/1440p Camera with Shutter/Win11/MSO) SFG14-73, Pure Silver, 1.3 Kg	77490.0	30.0	3.4	11	FREE delivery	Only 2 left in stock.
"(Refurbished) Lenovo ThinkPad X270 7th Gen Intel Core i7 Thin & Light HD Laptop (16 GB DDR4 RAM/1 TB SSD/12.5"" (31.8 cm) HD/Windows 11/MS Office/WiFi/BT/Webcam/Intel Graphics)"	20999.0	77.0	4.2	8	FREE delivery Mon, 18 Nov	Or fastest delivery Sat, 16 Nov
HP Pavilion 16, Enhanced by AI, Intel Core Ultra 7 155U, 16-inch (40.6 cm), WUXGA, 16GB LPDDR5x, 512GB SSD, Intel graphics, 1080p FHD IR camera, Copilot, Backlit KB (Win 11, Silver, 1.77 kg), af0028TU	84990.0	18.0	3.3	46	FREE delivery Fri, 15 Nov	Or fastest delivery Tomorrow, 14 Nov
Acer Travelmate Thin and Light Laptop 11th Gen Intel Core i5-1135G7 (16GB DDR4/512GB SSD/Windows11Home/Intel Graphics) TMP215-53, 15.6-inch FHD Display, Backlit Keybaord, Fingerprint, Black, 1.8 KG	33990.0	49.0	4.0	22	\u20b999 delivery Tomorrow, 14 Nov	
HP Pavilion 14, 12th Gen Intel Core i5-1235U, 14-inch (35.6 cm), FHD, 16GB DDR4, 512GB SSD, Intel Iris Xe graphics, FPR, 720p HD camera, Backlit KB (Win 11, MSO 2021, Silver, 1.41 kg), dv2014TU	61990.0	20.0	4.1	795	FREE delivery Fri, 15 Nov	Or fastest delivery Tomorrow, 14 Nov
"Lenovo IdeaPad Slim 1 AMD Ryzen 5 5500U 15.6"" HD Thin and Light Laptop (16GB/512GB SSD/Integrated AMD Graphics/Windows 11 Home/MSO 21/1Yr ADP Free/Cloud Grey/1.61Kg), 82R400ERIN"	41190.0	29.0	4.1	157	FREE delivery Fri, 15 Nov	Or fastest delivery Tomorrow, 14 Nov
"ASUS TUF Gaming F15, 15.6"" (39.62cm) FHD 144Hz, 13th Gen Intel Core i7-13620H, Gaming Laptop (16GB DDR5/512GB SSD/NVIDIA GeForce RTX 4060 /Windows 11//Mecha Gray/2.20 Kg), FX507VV-LP287W"	105920.0	20.0	4.0	37	FREE delivery Fri, 15 Nov	Or fastest delivery Tomorrow, 14 Nov
"ASUS X515, 15.6"" FHD (1920 x 1080) 16:9, 60Hz 200nits, Intel Pentium Gold 7505, Thin & Light Laptop (8GB RAM/512GB SSD/Windows 11/Office Home/37WHr Battery/Transparent Silver/1.80 kg), X1500EA-EJ122WS"	25990.0	40.0	4.0	22	FREE delivery Fri, 15 Nov	Or fastest delivery Tomorrow, 14 Nov
HP Omen Gaming Laptop,14Th Gen Intel Core I7-14650Hx,Windows 11 Home 8Gb RTX 4060 Gpu,16.1-Inch(40.9 Cm),Fhd,IPS,144Hz,300 Nits,16Gb Ddr5,1Tb Ssd,Backlit Kb,B&O(Mso,Black,2.32 Kg),Wf1096Tx/Wf1102Tx	133990.0	15.0	3.5	18	FREE delivery Fri, 15 Nov	Or fastest delivery Tomorrow, 14 Nov
HP Laptop 14, Intel Core Ultra 7 155H, Built-in AI, 14-inch (35.6 cm), FHD, 16GB DDR5, 512GB SSD, Intel Arc Graphics, 1080p FHD Camera w/Privacy Shutter, Backlit KB (Win 11, Silver, 1.4 kg), gr1023TU	83990.0	15.0	4.6	3	FREE delivery Sat, 16 Nov	Or fastest delivery Tomorrow, 14 Nov
"Lenovo IdeaPad Pro 5 Intel Evo Core Ultra 9 185H Built-in AI 14"" (35.56cm) 2.8K-OLED 400Nits 120Hz Laptop (32GB/1TB SSD/Win11/MSO 21/FHD+IR Camera/1Yr ADP Free/3 Mon Game Pass/Grey/1.4Kg), 83D2001GIN"	106990.0	27.0	4.4	71	FREE delivery Fri, 15 Nov	Or fastest delivery Tomorrow, 14 Nov
"HP Laptop 255 G9 (2024), AMD Athlon Silver 3050U - (4GB/256GB SSD/AMD Radeon Graphics/Windows 11 Pro) Thin and Light Business Laptop/15.6"" (39.62cm)/Black/1.47 kg/MS Office 2021 Pro Plus"	21800.0	53.0	3.3	3	FREE delivery Mon, 18 Nov	Or fastest delivery Sat, 16 Nov
"Acer Aspire Lite 13th Gen Intel Core i3-1305U Thin and Light Premium Laptop (Windows 11 Home/16 GB RAM/512GB SSD/36 WHR) AL15-53 with 39.62cm (15.6"") Full HD, Metal Body, Steel Gray, 1.59 KG"	34990.0	34.0			\u20b999 delivery Tomorrow, 14 Nov	
"(Refurbished) Lenovo ThinkPad T490 8th Gen Intel Core i5 Thin & Light HD Laptop (16 GB DDR4 RAM|256 GB SSD|14"" (35.6 cm) HD|Windows 11 Pro|MS Office|WiFi|Webcam|Intel UHD Graphics)"	21500.0	45.0	4.2	8	FREE delivery Mon, 18 Nov	Or fastest delivery Sat, 16 Nov
HP Laptop 15s, AMD Ryzen 3 5300U, 15.6-inch (39.6 cm), FHD, 8GB DDR4, 512GB SSD, AMD Radeon Graphics, Thin & Light, Dual Speakers (Win 11, MSO 2019, Silver, 1.69 kg), eq2143AU	31490.0	33.0	4.1	1414	FREE delivery Sat, 16 Nov	Or fastest delivery Tomorrow, 14 Nov
JioBook 11 Android 4G Laptop (Mediatek 8788 Octa-core 2 GHz/ARM Mali G72 MP3 @800 MHz/29.5cms 60 Hz/Thin and Light Laptop/ 4 GB LPDDR4/ 64 GB eMMC/JioOS/Dual Band Wi-Fi/Blue/ 990 GMS)/Office Included	12518.0	50.0	3.2	311	FREE delivery Fri, 15 Nov	Or fastest delivery Tomorrow, 14 Nov
"Lenovo LOQ 2024 12th Gen Intel Core i5-12450HX 15.6"" (39.6cm) 144Hz 300Nits FHD Gaming Laptop (24GB/512GB SSD/Win 11/NVIDIA RTX 2050 4GB/100% sRGB/3 Mon. Game Pass/1Yr ADP Free/Grey/2.4Kg), 83GS00CKIN"	64989.96	15.0	4.0	34	FREE delivery Fri, 15 Nov	Or fastest delivery Tomorrow, 14 Nov
ASUS TUF F15 Gaming Laptop, Core i5-11400H 11th Gen, 15.6-inch (39.62 cm) FHD 144Hz,(16GB RAM/512GB SSD/4GB NVIDIA GeForce RTX 2050/Windows 11/ RGB Backlit KB/Black/2.30 kg), FX506HF-HN025W	50990.0	37.0	3.8	362	FREE delivery	
"HP 15s Core i5 12th Gen (8GB RAM/512GB SSD/FHD/15.6"" (39.6 cm)/Windows 11/MS Office/Backlit Keyboard/Silver/1.69 kg) fq5329TU Laptop"	48490.0	26.0	4.2	168	FREE delivery Fri, 15 Nov	Or fastest delivery Tomorrow, 14 Nov
MSI Thin 15, Intel Core i5-12450H, 40CM FHD 144Hz Gaming Laptop(8GB/512GB NVMe SSD/Windows 11 Home/NVIDIA GeForce RTX 2050,GDDR6 4GB/Cosmos Gray/1.86Kg), B12UCX-1696IN	43990.0	35.0	4.1	93	FREE delivery Mon, 18 Nov	Only 2 left in stock.
"Lenovo IdeaPad Slim 3 Intel Core i3 12th Gen 15.6"" (39.62cm) FHD Thin & Light Laptop (8GB/512GB SSD/Intel UHD Graphics/Windows 11/MSO 21/1Yr ADP Free/3months Game Pass/Arctic Grey/1.63Kg), 82RK00VTIN"	35990.0	39.0	3.9	376	FREE delivery Fri, 15 Nov	Or fastest delivery Tomorrow, 14 Nov
HP Smartchoice Victus Gaming Laptop, 13th Gen Intel Core i5-13420H,6GB RTX 4050 GPU,15.6-inch(39.6 cm),FHD,IPS,144 Hz,16GB DDR4,1TB SSD,Backlit KB,B&O (Win 11,MSO,Blue,2.37 kg),fa1317TX	84990.0	18.0	3.9	45	FREE delivery Fri, 15 Nov	Or fastest delivery Tomorrow, 14 Nov
"Dell G15-5530 Gaming Laptop, Intel Core i5-13450HX Processor, 16GB DDR5, 512GB,NVIDIA RTX 3050,6GB GDDR6, 15.6"" (39.62cm) FHD 120Hz 250 nits, Backlit KB Orange,Windows 11 + MSO'21,Dark Shadow, 2.65kg"	75490.0	33.0	3.9	929	FREE delivery Fri, 15 Nov	Or fastest delivery Tomorrow, 14 Nov
Lenovo [Smartchoice LOQ 12th Gen Intel Core i5-12450HX /39.6cm/ 144Hz 300Nits FHD Gaming Laptop (16GB/512GB SSD/Win 11/ RTX 3050 6GB Graphics/100% sRGB/MSO 21/3 Mon Game Pass/Grey/2.4Kg), 83GS003UIN			3.9	407	FREE delivery Fri, 15 Nov	Or fastest delivery Tomorrow, 14 Nov
HP Pavilion 16, Enhanced by AI, Intel Core Ultra 7 155U, 16-inch (40.6 cm), WUXGA, 16GB LPDDR5x, 512GB SSD, Intel graphics, 1080p FHD IR camera, Copilot, Backlit KB (Win 11, Silver, 1.77 kg), af0028TU	84990.0	18.0	3.3	46	FREE delivery Fri, 15 Nov	Or fastest delivery Tomorrow, 14 Nov
"Lenovo IdeaPad Slim 5 Intel Core Ultra 5 125H Built-in AI 16"" (40.64cm) WUXGA-IPS 300Nits Thin & Light Lapt..."	75490.0	33.0	3.2	7	FREE delivery Fri, 15 Nov	Or fastest delivery Tomorrow, 14 Nov
HP Pavilion 14 12th Gen Intel Core i7 16GB SDRAM/1TB SSD 14 inch(35.6cm) FHD,IPS,Micro-Edge Display/Intel Iris Xe Graphic...	76990.0	17.0	4.1	795	FREE delivery Mon, 18 Nov	Or fastest delivery Tomorrow, 14 Nov
"ASUS Vivobook Go 15 (2023), AMD Ryzen 5 7520U, 15.6"" (39.62 cm) FHD, Thin & Light Laptop (16GB/512GB SSD/Windows 11/Office..."	40990.0	33.0	3.7	153	FREE delivery Fri, 15 Nov	Or fastest delivery Tomorrow, 14 Nov
"ASUS Vivobook 14 Thin and Light Laptop, Core i3-1215U 12th Gen, 14"" (35.56 cm) FHD, 60Hz (8GB RAM/512GB SSD/Windows 11/Off..."	34990.0	39.0	3.8	361	FREE delivery Mon, 18 Nov	Or fastest delivery Tomorrow, 14 Nov
"HP 15 Core i5 13th Gen (16GB RAM/512GB SSD/FHD/15.6"" (39.6 cm)/Windows 11/MS Office' 21/Backlit Keyboard/Silver/ 1.59 kg) ..."	56190.0	23.0	3.6	97	FREE delivery Tue, 19 Nov	
"ASUS TUF Gaming A15, 15.6"" FHD 16:9, 144Hz 250nits, AMD Ryzen 7 7435HS Processor, Gaming Laptop (16GB RAM/512GB SSD/RTX 40..."	96990.0	19.0	4.3	14	FREE delivery Fri, 15 Nov	Or fastest delivery Tomorrow, 14 Nov
MSI Thin 15, Intel 12th Gen. Core i7-12650H, 40CM FHD 144Hz Gaming Laptop(16GB/512GB NVMe SSD/Windows 11 Home/NVIDIA GeFor...	59990.0	31.0	4.2	23	FREE delivery Sat, 16 Nov	Or fastest delivery Tomorrow, 14 Nov
"ASUS Vivobook 15, 15.6"" (39.62cm) FHD, 60Hz, Core i7-12700H 12th Gen, Thin and Light Laptop (16GB RAM/512GB SSD/Iris Xᵉ Gr..."	57990.0	28.0	3.6	43	FREE delivery Fri, 15 Nov	Or fastest delivery Tomorrow, 14 Nov
FUTOPIA Ultimus PRO Intel Dual Core ~2.4GHz (4 GB/128 GB EMMC Storage/Windows 11 Home) NU14U3CNC43BN-MB Thin and Light Lap...	12990.0	48.0	3.9	16	FREE delivery Fri, 15 Nov	Or fastest delivery Tomorrow, 14 Nov
"ASUS Zenbook Duo OLED (2024), 14"" (35.56cm) FHD OLED Touch Display, Intel Core Ultra 9 185H, Built-in AI, D..."	238990.0	10.0	5.0	7	FREE delivery Sat, 16 Nov	Or fastest delivery Tomorrow, 14 Nov
HP Pavilion Plus 14 AI-enhanced Laptop, Intel EVO Core Ultra 5 125H,14-inch (35.6 cm) 16GB, 512GB SSD, Inte...	82990.0	23.0	3.4	33	FREE delivery Sat, 16 Nov	Or fastest delivery Tomorrow, 14 Nov
Lenovo V14 G3 (2024), Intel Core i5 12th Gen 1235U - (16GB/512GB SSD/Intel UHD Graphics/Windows 11 Home) Thin and Light Bu...	41990.0	53.0			FREE delivery Mon, 18 Nov	Or fastest delivery Tomorrow, 14 Nov
Acer One 14 Business Laptop AMD Ryzen 3 3250U Processor (8GB RAM/256GB SSD/AMD Radeon Graphics/Windows 11 Home) Z2-493 wit...	24021.0	38.0	3.8	247	FREE delivery Fri, 15 Nov	Or fastest delivery Tomorrow, 14 Nov
Dell G16 7630 Gaming Laptop, Intel i9-13900HX/16GB DDR5/1TB SSD/NVIDIA RTX 4070, 8GB GDDR6/16 (40.64cm) QHD+ 240Hz/Backlit...	197146.0	18.0	4.0	1	FREE delivery Fri, 15 Nov	Or fastest delivery Tomorrow, 14 Nov
Acer Nitro V Gaming Laptop AMD Ryzen 7-7735HS with RTX 4050 6 GB Graphics (16 GB DDR5/512GB SSD/Windows 11 Home/Wi-Fi 6/14...	77990.0	24.0	4.2	23	FREE delivery Fri, 15 Nov	Or fastest delivery Tomorrow, 14 Nov
MSI Pulse 16 AI, Intel Core Ultra 9 185H,Built-in AI, 41CM 16:10 QHD+ 240Hz Gaming Laptop(32GB/1TB NVMe SSD/Windows 11 Hom...	174990.0	16.0			FREE delivery Sat, 16 Nov	Or fastest delivery Tomorrow, 14 Nov
"Dell 14 Thin & Light Laptop, Intel Core i5-1235U Processor, 8GB + 512GB SSD, 14.0"" (35.62cm) FHD AG 250 nits Display, Wind..."	47990.0	21.0	3.7	103	FREE delivery Fri, 15 Nov	Or fastest delivery Tomorrow, 14 Nov
"Dell 15 Thin & Light Laptop, 12th Generation Intel Core i3-1215U Processor, 8GB DDR4 + 512GB SSD, 15.6"" (39.62cm) FHD 120H..."	36490.0	24.0	3.8	299	FREE delivery Fri, 15 Nov	Or fastest delivery Tomorrow, 14 Nov
"Lenovo V15 AMD Ryzen 7 7730U 15.6"" (39.62cm) FHD 250 Nits Antiglare Thin and Light Laptop (16GB/512GB SSD/DOS/Iron Grey/1...."	38999.0	22.0	3.9	32	FREE delivery Sat, 16 Nov	Or fastest delivery Fri, 15 Nov
"ASUS Zenbook 14, Intel Core Ultra 7, 14"" 3K OLED 16:10 120 Hz, Thin & Light Laptop, Built-in AI (32GB RAM/1 TB//Win 11/Office 2021/Backlit/Touchscreen/75WHr /Foggy Silver/1.28 Kg), UX3405MA-PZ761WS"	122990.0	17.0	3.9	22	FREE delivery Sat, 16 Nov	Or fastest delivery Tomorrow, 14 Nov
"Lenovo ThinkBook 14 Intel 13th Gen Core i3 14"" (35.56cm) WUXGA IPS 300 Nits Antiglare Thin and Light Laptop..."	43990.0	42.0	4.1	14	FREE delivery	
"Lenovo ThinkPad E14 Intel Core i5 13th Gen 14"" WUXGA IPS 300 Nits Thin and Light Laptop (8GB RAM/512GB SSD/Windows 11 Home/Backlit Keyboard/FPR/Black/1Y Onsite/1.41 kg), 21JKS13M00"	67990.0	0.36	3.0	24	FREE delivery Sun, 17 Nov	Or fastest delivery Tomorrow, 14 Nov
Apple 2024 MacBook Air 13″ Laptop with M3 chip: 34.46 cm (13.6″) Liquid Retina Display, 16GB Unified Memor...	147990.0	0.04	4.5	91	FREE delivery Sat, 16 Nov	Or fastest delivery Tomorrow, 14 Nov
Lenovo V14 G3 (2024), Intel Core i5 12th Gen 1235U - (8GB/512GB SSD/Intel Integrated UHD Graphics/Windows 11 Pro) Thin and...	38880.0	0.22	3.7	6	FREE delivery Mon, 18 Nov	FREE delivery Mon, 18 Nov
"(Refurbished) HP Elitebook 745 G5| AMD Ryzen 5 Pro 2500U Laptop ( 16 GB DDR4 RAM | 512 GB SSD | 14"" (35.6 cm) HD | Windows..."	22999.0	0.81	5.0	2	FREE delivery	This item will be released on November 14, 2024.
(Refurbished) Acer ALG Gaming Laptop 13th Gen Intel Core i7 Processor (16GB DDR4/512GB SSD/6GB RTX3050 Graphics/144Hz/Win1...	60341.0	0.15			FREE delivery Sat, 16 Nov	Or fastest delivery Fri, 15 Nov
"ASUS Vivobook 16"" FHD+ (1920 x 1200), 60Hz 300nits, Core i5-12500H, (16GB RAM/512GB SSD/Intel Iris Xᵉ Graphics/Win 11/Offi..."	52990.0	0.24	4.3	13	FREE delivery Fri, 15 Nov	Or fastest delivery Tomorrow, 14 Nov
"(Refurbished) ASUS TUF Gaming A15, 15.6"" (39.62cm) FHD 16:9 144Hz, AMD Ryzen 7 7435HS, Gaming Laptop (16 DDR5/512GB SSD/NV..."	49290.0	0.1			FREE delivery Sat, 16 Nov	Or fastest delivery Fri, 15 Nov
"Chuwi HeroBook Plus 15.6"" FHD Laptop, Intel Celeron N4020 Dual Core Processor Upto 2.80GHz, 8GB RAM, 256GB SSD, Intel UHD ..."	18990.0	0.53	3.7	3126	FREE delivery Fri, 15 Nov	Or fastest delivery Tomorrow, 14 Nov
ASUS TUF Gaming F17, Intel Core i5-11400H 11th Gen, 17.3-inch (43.94 cm) FHD 165Hz, Gaming Laptop (16GB/512GB SSD/4GB NVID...	50890.0	0.41	3.8	131	FREE delivery Mon, 18 Nov	FREE delivery Mon, 18 Nov
"HP 15 Ryzen 3 7320U (8GB RAM/512GB SSD/FHD/15.6"" (39.6 cm)/Backlit Keyboard/Windows 11/MS Office 21/1.59kg/Silver) fc0026A..."	33890.0	0.25	4.0	37	FREE delivery Sat, 16 Nov	Or fastest delivery Tomorrow, 14 Nov
"Lenovo ThinkPad E14 Intel Core i3 13th Gen 14"" WUXGA IPS 300 Nits Thin and Light Laptop (8GB RAM/512GB SSD/Windows 11 Home/FPR/Black/1Y Onsite/1.41 kg), 21JKS13L00"	48590.0	0.45	4.0	80	FREE delivery Fri, 15 Nov	Or fastest delivery Tomorrow, 14 Nov
MSI Thin 15, Intel 13th Gen. Core i5-13420H, 40CM FHD 144Hz Gaming Laptop(16GB/512GB NVMe SSD/Windows 11 Home/NVIDIA GeForce RTX 3050,GDDR6 4GB/Cosmos Gray/1.86Kg), B13UC-1805IN	54990.0	0.34	4.3	9	FREE delivery Fri, 15 Nov	Or fastest delivery Tomorrow, 14 Nov
HP ZBook Firefly 13th Gen Intel Core i7-1355U/ 16 Inch(40.6 cm)/ Diagonal WUXGA Display /32GB RAM/1 TB SSD/Intel Iris® Xᵉ ...	78000.0	0.63			₹99 delivery Tomorrow, 14 Nov	₹99 delivery Tomorrow, 14 Nov
Acer Aspire Lite AMD Ryzen 3 5300U Premium Thin and Light Laptop (Windows 11 Home/16 GB RAM/512 GB SSD) AL15-41 with 39.62...	29990.0	0.4	3.9	747	FREE delivery Fri, 15 Nov	Or fastest delivery Tomorrow, 14 Nov
(Refurbished) Lenovo ThinkPad T470 7th Gen Intel Core i5 Thin & Light HD Touchscreen Laptop (8 GB DDR4 RAM/256 GB SSD/14 (...	16649.0	0.67	3.3	21	FREE delivery Mon, 18 Nov	FREE delivery Mon, 18 Nov
HP Pavilion Plus, 12th Gen Intel Core i5 16GB RAM/512GB SSD 14 inch(35.6 cm) Creator Laptop with Eye Safe Display/Intel Ir...	71449.0	0.21	3.8	222	FREE delivery Fri, 15 Nov	Or fastest delivery Tomorrow, 14 Nov
2022 Apple MacBook Air Laptop with M2 chip: 13.6-inch Liquid Retina Display, 16GB RAM, 256GB SSD Storage, Backlit Keyboar...	99900.0				FREE delivery Fri, 15 Nov	Or fastest delivery Tomorrow, 14 Nov
HP 14s Core i3 12th Gen (8GB RAM/512GB SSD/FHD/Windows 11/MS Office 21/14” (35.6cm)/Silver/1.46kg) dy5008TU Laptop	36990.0	0.28	3.9	264	FREE delivery Fri, 15 Nov	Or fastest delivery Tomorrow, 14 Nov
"HP 15s Intel Core i3 12th Gen (8GB DDR4 RAM/ 512 GB NVMe M.2 SSD/Windows 11 / MS Office'2021 / FHD 15.6"" (39.6 cm) / Silve..."	35990.0	0.26	4.1	1984	FREE delivery Fri, 15 Nov	Or fastest delivery Tomorrow, 14 Nov
"ASUS TUF Gaming A15, 15.6"" (39.62cm) FHD 16:9 144Hz, AMD Ryzen 7 7435HS, Gaming Laptop (16 DDR5/512GB SSD/NVIDIA GeForce R..."	54990.0	0.32	4.0	327	FREE delivery Fri, 15 Nov	Or fastest delivery Tomorrow, 14 Nov
Apple 2024 MacBook Air (13-inch, Apple M3 chip with 8‑core CPU and 8‑core GPU, 16GB Unified Memory, 256GB) - Midnight	114900.0				FREE delivery Fri, 15 Nov	Or fastest delivery Tomorrow, 14 Nov
Lenovo IdeaPad Slim 3 13th Gen Intel Core i3 15.6 inch (39.6cm) FHD Laptop (8GB/512GB SSD/Windows 11/Office 2021/Alexa Built-in/1Yr ADP Free/3 Month Game Pass/Arctic Grey/1.62Kg), 82X70033IN	40982.0	0.38	3.6	29	₹99 delivery Tomorrow, 14 Nov	₹99 delivery Tomorrow, 14 Nov
Apple 2024 MacBook Air 15″ Laptop with M3 chip: 38.91 cm (15.3″) Liquid Retina Display, 16GB Unified Memor...	166990.0	5.0	4.4	34	FREE delivery Fri, 15 Nov	Or fastest delivery Tomorrow, 14 Nov
MSI Thin 15, Intel Core i5-12450H, 40CM FHD 144Hz Gaming Laptop(16GB/512GB NVMe SSD/Windows 11 Home/NVIDIA GeForce RTX 2050,GDDR 4GB /Cosmos Gray/1.86Kg), B12UCX-1695IN	52300.0	13.0	4.1	93	FREE delivery Mon, 18 Nov	
HP 15s Core i3 12th Gen (8GB RAM/1TB SSD/FHD/Windows 11/MS Office/15.6” (39.6cm)/Silver/1.69kg) fq5328TU Laptop	39999.0	23.0	3.1	15	FREE delivery Mon, 18 Nov	
Dell 15 Thin & Light Laptop, Intel Core i5-1235U Processor/16GB DDR4+512GB SSD/Intel UHD Graphics/15 Inch (38cm) FHD Displ...	51990.0	23.0	3.5	513	FREE delivery Fri, 15 Nov	Or fastest delivery Tomorrow, 14 Nov
Acer ALG Gaming Laptop 13th Gen Intel Core i7 Processor (16GB DDR4/512GB SSD/6GB RTX3050 Graphics/144Hz/Win11Home/Wifi 6) ...	70990.0	29.0	3.9	25	FREE delivery Fri, 15 Nov	Or fastest delivery Tomorrow, 14 Nov
HONOR MagicBook X14 Pro 2024, 13th Gen Intel Core i5-13420H (16GB/512GB NVMe SSD, 14-inch (35.56 cm) FHD IPS Anti-Glare Th...	47990.0	41.0	4.1	536	FREE delivery Fri, 15 Nov	Or fastest delivery Tomorrow, 14 Nov
Dell Insp. 5430 13th Gen Metal Body Laptop, Intel i5-1335U/16GB LPDDR5/512GB SSD/14(35.56cm) FHD+Comfort View/Backlit KB+F...	66490.0	21.0	3.9	70	FREE delivery	
"Lenovo IdeaPad Slim 1 AMD Ryzen 3 7320U 15.6"" HD Thin and Light Laptop (8GB/512GB SSD/Windows 11 Home/MS Office 2021/Cloud..."	29390.0	54.0	2.8	8	FREE delivery Sat, 16 Nov	Or fastest delivery Tomorrow, 14 Nov
"Dell {Smartchoice} G15-5530 Core i5-13450HX| NVIDIA RTX 3050, 6GB (16GB RAM|1TB SSD, FHD|Window 11|MS Office' 21|15.6"" (3..."	77990.0	26.0	3.9	929	FREE delivery Fri, 15 Nov	Or fastest delivery Tomorrow, 14 Nov
(Renewed) DELL Latitude 5490 Core i5 7th Gen Laptop, 8 GB RAM, 256GB SSD, Intel HD Graphics, 14 inch (36.83 cms) HD Scree...	16700.0	65.0	3.5	174	FREE delivery	
"CHUWI CoreBook X Pro Laptop 12thGen i5-12450H Processor 15.6"" Laptop with 16GB DDR4 RAM and 512GB SSD, FHD Display, Backlit Keyboard, Windows 11, Gray, 3xUSB3.0,1xHDMI,SD Card Slot,3.5MM,Camera Switch"	41990.0	30.0	3.7	78	FREE delivery Fri, 15 Nov	Or fastest delivery Tomorrow, 14 Nov
Apple 2024 MacBook Air 15″ Laptop with M3 chip: 38.91 cm (15.3″) Liquid Retina Display, 16GB Unified Memory, 256GB SSD Storage, Backlit Keyboard, 1080p FaceTime HD Camera, Touch ID- Starlight	134900.0	4.0			FREE delivery Fri, 15 Nov	Or fastest delivery Tomorrow, 14 Nov
Acer Aspire Lite 12th Gen Intel Core i3-1215U Premium Metal Laptop (Windows 11 Home/16 GB RAM/512GB SSD) AL15-52, 39.62cm...	30500.0	59.0	3.9	1141	FREE delivery Mon, 18 Nov	
HP 15s, 12th Gen Intel Core i5 16GB RAM/512GB SSD 15.6-inch(39.6 cm) Micro-Edge Anti-Glare FHD Laptop/Win 11/Intel Iris Xe...	50900.0	22.0	3.9	392	FREE delivery Tue, 19 Nov	
"ASUS TUF Gaming, 14"" FHD, 165Hz 400 nits, AMD Ryzen AI 9 HX 370 Processor 2.0GHz, Gaming Laptop (32GB RAM/2TB SSD/NVIDIA G..."	169990.0	17.0	4.6	3	FREE delivery Sat, 16 Nov	
"Lenovo ThinkBook 16 Intel 13th Gen Core i5 16"" (40.64cm) WUXGA 300 Nits Antiglare Thin and Light Laptop (16GB/512GB SSD/Wi..."	54990.0	42.0	3.6	11	FREE delivery Mon, 18 Nov	
HP Victus Windows 11 Home Gaming Laptop,AMD Ryzen 7 7840Hs Ai Powered,6Gb RTX 3050 Gpu,16.1-Inch (40.9 Cm),95W Tgp,Fhd,IP...	81990.0	19.0	3.9	75	FREE delivery Fri, 15 Nov	Or fastest delivery Tomorrow, 14 Nov
Acer Aspire Lite 12th Gen Intel Core i5-12450H Thin and Light Laptop (Windows11Home/16GB RAM/512GB SSD/MSO) AL15-52H, 39.6...	46990.0	30.0	3.9	169	FREE delivery Fri, 15 Nov	Or fastest delivery Tomorrow, 14 Nov
"ASUS Vivobook 15 Thin and Light Laptop, Core i5-12500H 12th Gen, 15.6"" (39.62 cm) FHD, 60Hz (16GB RAM/512GB/Windows 11/Off..."	51990.0	32.0	3.8	275	FREE delivery Fri, 15 Nov	Or fastest delivery Tomorrow, 14 Nov
DELL Latitude 3440 (2024) Intel Core i3 12th Gen 1215U - (16 GB/512 GB SSD/Intel UHD Graphics/Windows 11 Pro) Thin and Lig...	35890.0	53.0			FREE delivery Mon, 18 Nov	
Apple 2024 MacBook Air 13″ Laptop with M3 chip: 34.46 cm (13.6″) Liquid Retina Display, 16GB Unified Memory, 512GB SSD Storage, Backlit Keyboard, 1080p FaceTime HD Camera, Touch ID- Midnight	147990.0	4.0	4.5	91	FREE delivery Sat, 16 Nov	Or fastest delivery Tomorrow, 14 Nov
"Lenovo ThinkPad E16 Intel Core i3 13th Gen 16"" WUXGA IPS 300 Nits Thin and Light Laptop (8GB RAM/512GB SSD/Windows 11 Home/FPR/Black/1Y Onsite/1.77 kg), 21JNS0QD00"	47000.0	47.0	4.0	80	FREE delivery Mon, 18 Nov	
"Dell 15 Thin & Light Laptop, 12th Generation Intel Core i3-1215U Processor, 8GB DDR4 + 512GB SSD, 15.6"" (39.62cm) FHD 120Hz 250 nits Display, Win 11 + MSO'21, 15 Month McAfee, Titan Grey, 1.69kg"	36490.0	24%	3.8	299	FREE delivery Fri, 15 Nov	Or fastest delivery Tomorrow, 14 Nov
"Lenovo ThinkPad E14 Intel Core i7 13th Gen 14"" WUXGA IPS 300 Nits Thin and Light Laptop (16GB RAM/512GB SSD/Win 11 Home/Office 2021/Backlit Keyboard/FPR/Black/1Y Onsite/1.41 kg), 21JKS13K00"	85000.0	19%	3.3	5	FREE delivery Mon, 18 Nov	
DELL Latitude 3440 (2024) Intel Core i3 12th Gen 1215U - (16 GB/512 GB SSD/Intel UHD Graphics/Windows 11 Pro) Thin and Light Business Laptop/14 HD Display/Grey/1.5 kg/MS Office 2021 Pro Plus	35890.0	53%			FREE delivery Mon, 18 Nov	
"Lenovo V15 G3 (2024), Intel Core i3 12th Gen 1215U - (16GB/512GB SSD/Intel UHD Graphics/Windows 11 Home) Thin and Light Business Laptop/15.6"" FHD Display/Iron Grey/1.7 kg/MS Office 2021 Pro Plus"	35490.0	56%	3.8	66	FREE delivery Mon, 18 Nov	Or fastest delivery Tomorrow, 14 Nov
"HP 15s AMD Ryzen 5 5500u (8GB DDR4 RAM/ 512 GB NVMe M.2 SSD/Windows 11 / MS Office'2021 / FHD 15.6"" (39.6 cm) + Backlit Keyboard/Silver / 1.69 kg/Dual Speakers) eq2304AU / Laptop"	36990.0	24%	3.7	12	FREE delivery Fri, 15 Nov	Or fastest delivery Tomorrow, 14 Nov
HP 15 Core i5 13th Gen (16GB RAM/512GB SSD/FHD/Windows 11/MS Office/Backlit KB/15.6” (39.6cm)/Silver/1.59kg) fd0316TU Laptop	54990.0	23%	3.5	109	FREE delivery Fri, 15 Nov	Or fastest delivery Tomorrow, 14 Nov
"HP Laptop 255 G9 (2024), AMD Ryzen 5 5625U Hexa Core - (16GB/512GB SSD/AMD Radeon Graphics/Windows 11 Pro) Thin and Light Business Laptop/15.6"" (39.62cm)/Silver/1.47 kg/MS Office 2021 Pro Plus"	34490.0	13%	3.8	4	FREE delivery Tue, 19 Nov	
MSI Thin 15, Intel Core i5-12450H, 40CM FHD 144Hz Gaming Laptop(16GB/512GB NVMe SSD/Windows 11 Home/NVIDIA GeForce RTX 2050,GDDR 4GB /Cosmos Gray/1.86Kg), B12UCX-1695IN	52300.0	13%	4.1	93	FREE delivery Mon, 18 Nov	
"Lenovo Ideapad Slim 5 Ryzen 7 7730U 14"" (35.5Cm) Wuxga OLED AMD Laptop (16Gb/1Tb Ssd/Win 11/Office 2021/Backlit Kb/Fhd Camera/Alexa/3 Month Game Pass/1Yr ADP Free/Arctic Grey/1.46Kg), 82Xe007Ein"	65390.0	30%	3.8	66	FREE delivery Sat, 16 Nov	Or fastest delivery Tomorrow, 14 Nov
"HP 15 Core i3 13th Gen (8GB RAM/512GB SSD/FHD/15.6"" (39.6 cm)/Windows 11/MS Office 21/Silver/1.59 kg) fd0006TU Laptop"	40490.0	23%	4.2	1891	FREE delivery Sat, 16 Nov	Or fastest delivery Tomorrow, 14 Nov
"Lenovo ThinkPad E16 Intel Core i5 13th Gen 16"" WUXGA IPS 300 Nits Thin and Light Laptop (16GB RAM/512GB SSD/Windows 11 Home/FPR/Black/1Y Onsite/1.77 kg), 21JNS0QE00"	68590.0	37%	3.0	24	FREE delivery Fri, 15 Nov	Or fastest delivery Tomorrow, 14 Nov
Apple 2024 MacBook Air 15″ Laptop with M3 chip: 38.91 cm (15.3″) Liquid Retina Display, 24GB Unified Memory, 512GB SSD Storage, Backlit Keyboard, 1080p FaceTime HD Camera, Touch ID- Starlight	174900.0				FREE delivery Fri, 15 Nov	Or fastest delivery Tomorrow, 14 Nov
HP Laptop 240 G9 (2024), Intel Core i7 12th Gen 1255U - (16GB/512GB SSD/Intel Iris Xe Graphics/Windows 11 Pro) Thin and Light Business Laptop/14 (35.56cm) FHD/Silver/1.47 kg/MS Office 2021 Pro Plus	71499.0	34%			FREE delivery Mon, 18 Nov	
HP Victus Gaming Laptop,Windows 11 Home,AMD Ryzen 5 5600H,4Gb RTX 3050 Gpu,15.6-Inch (39.6 Cm),Fhd,IPS,144Hz,16Gb Ddr4,512Gb Ssd,Backlit Kb,B&O,9Ms Response Time,Dual Speakers (Blue,2.37 Kg),Fb0106Ax	60990.0	28%	4.2	146	FREE delivery Fri, 15 Nov	Or fastest delivery Tomorrow, 14 Nov
"Acer Nitro 5 Intel Core i7-9th Gen 17.3"" (43.94 cms) Display 1920 x 1080 Gaming Laptop (8GB Ram/2TB HDD/256GB SSD/Window 10 Home/6GB NVIDIA GeForce GTX 1660 Ti Graphics/Black), AN517-51"	106610.0	18%	3.8	87	FREE delivery Sat, 16 Nov	Or fastest delivery Fri, 15 Nov
HP Victus Gaming Laptop, AMD Ryzen 7 8845HS AI Powered, 6GB RTX 4050 GPU,15.6-inch (39.6 cm),FHD, IPS,144Hz,16GB DDR5,1TB SSD, 300 nits, Win 11,Backlit KB, DTS:X Ultra (MSO, Blue, 2.29 kg), fb2117AX	99490.0	12%	4.0	12	FREE delivery Fri, 15 Nov	Or fastest delivery Tomorrow, 14 Nov
Primebook S Wifi, 2024(NEW) Android Based MediaTek MT8183 - (PrimeOS) Thin and Light Laptop (11.6 Inch, 1.065 Kg, Type C) (4GB/128GB eMMC Storage)	13790.0	34%	4.3	162	FREE delivery Mon, 18 Nov	
"ASUS Vivobook Go 14, AMD Ryzen 3 7320U, Thin and Light Laptop, 14"" (35.56 cm) FHD, (8 GB RAM/512GB SSD/Windows 11/Office 2021/42WHr /Silver/1.38 kg), E1404FA-NK321WS"	30990.0	24%	4.2	56	FREE delivery Fri, 15 Nov	Or fastest delivery Tomorrow, 14 Nov
"Lenovo ThinkBook 15 G5 AMD Ryzen 7 7730U 15.6"" FHD Antiglare 250 Nits Thin and Light Laptop (8GB RAM/512GB SSD/Windows 11 Home/Fingerprint Reader/Backlit/Mineral Grey/1 Year Onsite/1.7 kg), 21JFA00BIN"	42020.0	67%	3.6	44	FREE delivery Fri, 15 Nov	Or fastest delivery Tomorrow, 14 Nov
Apple 2024 MacBook Air (13-inch, Apple M3 chip with 8‑core CPU and 8‑core GPU, 16GB Unified Memory, 256GB) - Space Gray	114900.0				FREE delivery Fri, 15 Nov	Or fastest delivery Tomorrow, 14 Nov
"HP 15s Intel Core i5 12th Gen (16GB DDR4 RAM/ 512 GB NVMe M.2 SSD/Windows 11 / MS Office'2021 / FHD 15.6"" (39.6 cm) + Backlit Keyboard/Silver / 1.69 kg/Dual Speakers) fq5330TU / Laptop"	51490.0	25%	3.8	315	FREE delivery Sat, 16 Nov	Or fastest delivery Tomorrow, 14 Nov
"(Refurbished) Lenovo ThinkPad X260 6th Gen Intel Core i5 Thin & Light HD Laptop (8 GB DDR4 RAM|512 GB SSD|12.5"" (31.8 cm) HD|Windows 11|MS Office|WiFi|Bluetooth|Webcam|Intel HD Graphics)"	14499.0	84%	4.0	1	FREE delivery Mon, 18 Nov	Or fastest delivery Sat, 16 Nov
HP Laptop 245 G9 (2024), AMD Ryzen 3 3250U Dual Core - (16GB/512GB SSD/AMD Radeon Graphics/Windows 11 Pro) Thin and Light Business Laptop/14 (35.56cm)/Silver/1.47 kg/MS Office 2021 Pro Plus	30990.0	39%			FREE delivery Mon, 18 Nov	Or fastest delivery Tomorrow, 14 Nov
"Lenovo ThinkBook 16 Intel 13th Gen Core i5 16"" (40.64cm) WUXGA 300 Nits Antiglare Thin and Light Laptop (16GB/512GB SSD/Win 11 Home/Office 2021/Backlit Keyboard/Arctic Grey/1.7 Kg), 21KHA0J6IN"	54990.0	42%	3.6	11	FREE delivery Mon, 18 Nov	Or fastest delivery Tomorrow, 14 Nov
"Lenovo LOQ 2024 12th Gen Intel Core i5-12450HX 15.6"" (39.6cm) 144Hz 300Nits FHD IPS Gaming Laptop (16GB/512GB SSD/NVIDIA RTX 3050 6GB Graphics/Win 11/Non-MSO/3 Mon. Game Pass/Grey/2.4Kg), 83GS003NIN"	72190.0	23%	3.7	30	FREE delivery Fri, 15 Nov	Or fastest delivery Tomorrow, 14 Nov
AXL VayuBook Laptop 14.1 Inch FHD IPS Display (4GB Ram,128GB SSD) 1920 * 1080 Resolution | HD Gemini Lake N4020 | Windows 11 Home | UHD Graphics 600 (Cloud Silver)	12990.0	59%	3.3	292	FREE delivery Sat, 16 Nov	
HP Pavilion 14 Touchscreen 12th Gen Intel Core i5-1235U,14-inch (35.6 cm),FHD,16GB DDR4, 512GB SSD, Intel Iris Xᵉ Graphics, FPR, Backlit KB, Audio by B&O (Win 11, MSO 2021, Silver, 1.41 kg), dv2041TU	61990.0	20%	4.3	2016	FREE delivery Sat, 16 Nov	Or fastest delivery Tomorrow, 14 Nov
"Acer One 14 AMD Ryzen 3 3250U Processor (8GB RAM/512GB SSD/AMD Radeon Graphics/Windows 11 Home) Thin and Light Laptop Z2-493 with 35.56 cm (14.0"") HD Display"	23699.0	41%	3.7	192	FREE delivery Tue, 19 Nov	
"ASUS Vivobook 15 (2023), Intel Core i3-1315U 13th Gen, 15.6"" (39.62 cms) FHD, Thin and Light Laptop (8GB/512GB SSD/Integrated Graphics/Windows 11/Office 2021/Fingerprint/Blue/1.7 kg), X1504VA-NJ323WS"	38990.0	33%	3.9	74	FREE delivery Sun, 17 Nov	
(Refurbished) ASUS TUF Gaming A15, AMD Ryzen 7 7435HS, 15.6-inch FHD 144Hz, Gaming Laptop (16GB/512GB SSD/NVIDIA GeForce RTX 3050/Windows 11/48WHr/Graphite Black/2.3 Kg), FA506NCR-HN054W	56091.0	15%			FREE delivery Sat, 16 Nov	Or fastest delivery Fri, 15 Nov
HP Laptop 15s AMD Ryzen 7 5700U, 15.6-inch(39.6 cm) FHD, Anti-Glare Laptop (16 GB/512 GB/AMD Radeon Graphics/Dual Speakers/Backlit KB/Win 11/1.69kg/Natural Silver, 15s-eq2084AU	48990.0	24%	3.5	6	FREE delivery Fri, 15 Nov	Or fastest delivery Tomorrow, 14 Nov
Apple 2024 MacBook Air 13″ Laptop with M3 chip: 34.46 cm (13.6″) Liquid Retina Display, 8GB Unified Memory, 512GB SSD Storage, Backlit Keyboard, 1080p FaceTime HD Camera, Touch ID- Starlight	127990.0	5%	4.5	91	FREE delivery	
"Lenovo IdeaPad Slim 3 13th Gen Intel Core i7-13620H 15"" (38.1cm) FHD IPS 300 Nits Thin & Light Laptop (16GB/512GB SSD/Win 11/MSO 21/1Yr ADP Free/Alexa Built-in/3 mon Game Pass/Grey/1.6Kg), 83EM008GIN"	66190.0	22%	3.9	629	FREE delivery Fri, 15 Nov	Or fastest delivery Tomorrow, 14 Nov
"Acer Aspire Lite 12th Gen Intel Core i5-12450H Thin and Light Laptop(Win11Home/12GB RAM/512GB SSD/Intel UHD Graphics/MSO)AL15-52H, 39.62cm(15.6"") FHD IPS Display, Backlit Keyboard, Pure Silver, 1.7KG"	44990.0	32%	3.9	169	FREE delivery	
HP Laptop 240 G8 (2024), Intel Core i5 11th Gen 1135G7 - (16GB/512GB SSD/Intel Iris Xe Graphics/Windows 11 Pro) Thin and Light Business Laptop/14 (35.56cm)/Black/1.47 kg/MS Office 2021 Pro Plus	45990.0	39%			FREE delivery Mon, 18 Nov	
"ASUS Vivobook 15, Intel Core i5-1235U 12th Gen, 15.6"" (39.62 cm) FHD, Thin and Light Laptop (8GB RAM/512GB SSD/Win11//Backlit Keyboard/Silver/1.7 kg), X1504ZA-NJ522WS"	44990.0	36%	3.7	7	FREE delivery Fri, 15 Nov	Or fastest delivery Tomorrow, 14 Nov
"Dell 15 Thin & Light Laptop, Core i5-1235U Processor, 8GB RAM + 512GB SSD, 15.6"" FHD Window 11 + MSO '21, 15 Month McAfee, Spill-Resistant Keyboard, Black, 1.66kg"	47990.0	23%	3.5	513	FREE delivery Fri, 15 Nov	Or fastest delivery Tomorrow, 14 Nov
"Lenovo IdeaPad 1 AMD Ryzen 3 7320U 15.6"" HD Thin and Light Laptop (8 GB/512GB SDD/Windows 11 Home/Office 2021/1Yr ADP Free/Cloud Grey/1.58Kg), 82VG00EVIN"	29149.0	46%	4.0	602	FREE delivery Mon, 18 Nov	Or fastest delivery Tomorrow, 14 Nov
"Lenovo IdeaPad 1 AMD Athlon Silver 7120U 15.6"" HD Thin and Light Laptop (8GB/512GB SDD/Windows 11 Home/1Year Warranty/MS Office/Cloud Grey/1.58Kg), 82VG00EQIN"	27990.0	36%	3.9	376	FREE delivery Fri, 15 Nov	Or fastest delivery Tomorrow, 14 Nov
"Lenovo IdeaPad Slim 5 Intel Core Ultra 5 125H Built-in AI 16"" (40.6cm) WUXGA-IPS 300Nit Thin & Light Laptop (16GB/1TB SSD/Win 11/MSO 21/FHD+IR Cam/1Yr ADP Free/3 mon Game Pass/Grey/1.9Kg), 83DC0042IN"	72990.0	18.0	2.8	23	FREE delivery Fri, 15 Nov	Or fastest delivery Tomorrow, 14 Nov
"Lenovo IdeaPad Pro 5 Intel Evo Core Ultra 9 185H Built-in AI 14"" (35.56cm) 2.8K-OLED 400Nits 120Hz Laptop (32GB/1TB SSD/Win11/MSO 21/FHD+IR Camera/1Yr ADP Free/3 Mon Game Pass/Grey/1.4Kg), 83D2001GIN"	209900.0		4.4	71	FREE delivery Sat, 16 Nov	Or fastest delivery Tomorrow, 14 Nov
"Lenovo IdeaPad Slim 5 12th Gen Intel Core i5 12450H 14"" (36cm) WUXGA IPS 300Nits Thin and Light Laptop (16GB/1TB SSD/Win 11/Office 21/BacklitKB/FHD Camera/Alexa/3 Mon Game Pass/Grey/1.46Kg),83BF0043IN"			3.9	629	FREE delivery Tue, 19 Nov	Or fastest delivery Tomorrow, 14 Nov
"(Refurbished) Lenovo E480 7th Gen Intel Core i3 Thin & Light HD Laptop (8 GB DDR4 RAM|256 GB SSD|14"" (35.6 cm) HD|Windows 11|MS Office|WiFi|BT|Webcam|Intel HD Graphics)"	13999.0	84.0	3.0	2	FREE delivery Mon, 18 Nov	Or fastest delivery Sat, 16 Nov
HP Pavilion 16, Enhanced by AI, Intel Core Ultra 5 125U, 16-inch (40.6 cm), WUXGA, 16GB LPDDR5, 512GB SSD, Intel Graphics, 1080p FHD IR Camera, Copilot, Backlit KB (Win 11, Silver, 1.77 kg), af0015TU	72990.0	18.0	3.3	46	FREE delivery Fri, 15 Nov	Or fastest delivery Tomorrow, 14 Nov
Apple 2024 MacBook Pro Laptop with M4 chip with 10‑core CPU and 10‑core GPU: Built for Apple Intelligence, 35.97 cm (14.2″) Liquid Retina XDR Display, 24GB Unified Memory, 1TB SSD Storage; Silver	209900.0				FREE delivery Sat, 16 Nov	Or fastest delivery Tomorrow, 14 Nov
"Acer Aspire Lite 12th Gen Intel Core i5-1235U Premium Laptop (16GB RAM/512GB SSD/Win11 Home&Student/Intel Graphics/MSO) AL15-52, 39.62cm (15.6"") Full HD Display, Backlit Keyboard, Steel Gray, 1.59KG"	43990.0	36.0	3.9	20	FREE delivery Fri, 15 Nov	Or fastest delivery Tomorrow, 14 Nov
"Lenovo V15 AMD Ryzen 3 7320U 15.6"" (39.62cm) FHD 250 Nits Antiglare Thin and Light Laptop (8GB/512GB SSD/Windows 11 Home/Arctic Grey/1.65 Kg), 82YU00W7IN"	26999.0	50.0	3.8	82	FREE delivery Tue, 19 Nov	Or fastest delivery Tomorrow, 14 Nov
"(Refurbished) ASUS Vivobook 15, Intel Core i5-12500H 12th Gen, 15.6"" (39.62 cm) FHD, Thin and Light Laptop (16GB/512GB/Win11/Office 2021/Silver/1.7 kg), X1502ZA-EJ542WS"	44191.0	15.0	3.5	3	FREE delivery	
"Lenovo V15 (2021) Intel Core i5 10th Gen 15.6"" FHD Thin and Light Laptop (8GB RAM/ 512GB SSD/Windows 10 Home/Microsoft Office Home & Student/Iron Grey/ 1.85 kg), 82C500XAIH"	39490.0	19.0	3.3	2	FREE delivery Mon, 18 Nov	Or fastest delivery Tomorrow, 14 Nov
ASUS TUF Gaming A15, AMD Ryzen 7 7435HS, 15.6-inch FHD 144Hz, Gaming Laptop (16GB/512GB SSD/NVIDIA GeForce RTX 4050/Windows 11/90WHr/Mecha Gray/2.2 Kg), FA507NUR-LP082W	84990.0	21.0	4.0	327	FREE delivery	
Lenovo IdeaPad Slim 3 Intel Core i3 12th Gen 15.6 inch (39.62cm) FHD Thin & Light Laptop (8GB/512GB SSD/Windows 11/Office 2021/3months Game Pass/Arctic Grey/1.63Kg), 82RK00VWIN	34350.0	38.0	4.1	957	FREE delivery Sat, 16 Nov	Or fastest delivery Tomorrow, 14 Nov
"Chuwi GemiBook Plus 15.6"" Laptop, 8GB RAM 256GB SSD, Windows 11, Intel N100 (Upto 3.4GHz), WIFI 6, USB-A 3.0, Webcam, Bluetooth 5.2, HDMI Port, 38Wh, 1.7kg (Iron Gray)"	21990.0	51.0	3.6	287	FREE delivery Fri, 15 Nov	Or fastest delivery Tomorrow, 14 Nov
MSI Thin 15, Intel Core i5-13420H, 40CM FHD 144Hz Gaming Laptop(8GB/512GB NVMe SSD/Windows 11 Home/NVIDIA GeForce RTX 2050,GDDR6 4GB/Cosmos Gray/1.86Kg), B13UCX-1808IN	49990.0	32.0	2.3	3	FREE delivery Fri, 15 Nov	Or fastest delivery Tomorrow, 14 Nov
"ASUS Vivobook Go 15 (2023), AMD Ryzen 5 7520U, 15.6"" (39.62 cm) FHD, Thin and Light Laptop (16GB/512GB SSD/Integrated Graphics/Windows 11/Office 2021/Silver/1.8 Kg), E1504FA-NJ541WS"	40990.0	42.0	3.7	153	FREE delivery Fri, 15 Nov	Or fastest delivery Tomorrow, 14 Nov
MSI Modern 14, Intel 12th Gen. i3 1215U,36CM Laptop(8GB/512GB NVMe SSD/Windows 11 Home/UHD Graphic/Classic Black/1.4Kg),C12MO-1205IN	28990.0	36.0	4.3	26	FREE delivery Mon, 18 Nov	
"Acer Aspire Lite AMD Ryzen 7 5700U Premium Thin and Light Laptop (Windows 11 Home/16 GB RAM/1 TB SSD/MSO) AL15-41 with 39.62 cm (15.6"") Full HD Display, Metal Body, Steel Gray, 1.6 KG"	41990.0	48.0	3.9	747	FREE delivery Fri, 15 Nov	Or fastest delivery Tomorrow, 14 Nov
Samsung Galaxy Book3 Core i7 13th Gen 1355U - (16 GB/512 GB SSD/Windows 11 Home) Galaxy Book3 Thin and Light Laptop (15.6 Inch, Silver, 1.58 Kg, with MS Office)	59990.0	47.0	3.7	145	FREE delivery	
Lenovo IdeaPad Slim 3 12th Gen Intel Core i3-1215U 14 Inch (35.5cm) FHD Thin & Light Laptop (8GB/512GB SSD/Windows 11/Office 2021/3months Game Pass/Arctic Grey/1.43Kg), 82RJ00FGIN	34900.0	37.0	4.1	957	FREE delivery Fri, 15 Nov	Or fastest delivery Tomorrow, 14 Nov
"Lenovo IdeaPad 1 Intel Core Celeron N4020 14"" HD Thin and Light Laptop (8GB/512GB SDD/Windows 11 Home/1Yr ADP Free/Cloud Grey/1.3Kg), 82V6009HIN"	24990.0	41.0	3.7	7	FREE delivery Sat, 16 Nov	Or fastest delivery Tomorrow, 14 Nov
MSI Thin 15, Intel 13th Gen. Core i5-13420H, 40CM FHD 144Hz Gaming Laptop(16GB/512GB NVMe SSD/Windows 11 Home/NVIDIA GeForce RTX 3050,GDDR6 4GB/Cosmos Gray/1.86Kg), B13UC-1805IN	54990.0	34.0	4.3	9	FREE delivery Fri, 15 Nov	Or fastest delivery Tomorrow, 14 Nov
"Samsung Galaxy Book4 (Silver, 16GB RAM, 512GB SSD) | 15.6"" Full HD Screen | Intel Core 5 120U Processor | Windows 11 Home | MS Office 2021 | Fingerprint Reader | Intel Iris XE Graphics | RJ45 LAN Port"	59990.0	35.0	4.0	4	FREE delivery	
"ASUS Vivobook 16X, 16"" FHD+, 144Hz 300nits, Intel Core i5-12500H 2.5 GHz, Creator/Gaming Laptop (16GB RAM/512GB SSD/RTX 3050/win 11/Office Home/50WHr Battery/Cool Silver/1.80 kg), K3605ZC-RP587WS"			4.0	78		
TABLE MAGIC Multipurpose Laptop Table Mat Finish Top PP Steel Metal 52.5 * 40 * 73cm 6 Heights 3 Angles Adjustable Foldable (Alder, Modern Without footrest)	1477.0	41.0	4.3	23832	FREE Delivery by Amazon	Get it by Tomorrow, 14 November
Apple 2024 MacBook Air (13-inch, Apple M3 chip with 8‑core CPU and 8‑core GPU, 16GB Unified Memory, 256GB) - Starlight	114900.0		4.3 out of 5 stars	254	FREE delivery Fri, 15 Nov	Or fastest delivery Tomorrow, 14 Nov
Apple 2024 MacBook Air (13-inch, Apple M3 chip with 8‑core CPU and 10‑core GPU, 24GB Unified Memory, 512GB) - Silver	154900.0				FREE delivery Fri, 15 Nov	Or fastest delivery Tomorrow, 14 Nov
"Lenovo V15 G2 15.6"" FHD Anti-Glare Business Laptop, Intel Celeron N4500, 8GB RAM, 256GB PCIe SSD, Intel UHD Graphics, HD Camera, HD Audio, Wi-Fi, Bluetooth, Windows 11, Black"	23990.0	73% off	3.3 out of 5 stars	23	FREE delivery Mon, 18 Nov	
Lenovo IdeaPad Slim 3 12th Gen Intel Core i3-1215U 14 Inch (35.5cm) FHD Thin & Light Laptop (8GB/512GB SSD/Windows 11/Office 2021/3months Game Pass/Arctic Grey/1.43Kg), 82RJ00FGIN	34900.0	37% off	4.1 out of 5 stars	957	FREE delivery Fri, 15 Nov	Or fastest delivery Tomorrow, 14 Nov
MSI Katana 15, Intel Core i9-13900H, 40CM FHD 144Hz Gaming Laptop (8GBx2/1TB NVMe SSD/Windows 11 Home/Nvidia GeForce RTX 4060, GDDR6 8GB/Black/2.25Kg), B13VFK-843IN	114990.0	36% off	4.3 out of 5 stars	38	FREE delivery Mon, 18 Nov	
"Lenovo IdeaPad 1 Intel Core Celeron N4020 14"" HD Thin and Light Laptop (8GB/512GB SDD/Windows 11 Home/1Yr ADP Free/Cloud Grey/1.3Kg), 82V6009HIN"	24990.0	41% off	3.7 out of 5 stars	7	FREE delivery Sat, 16 Nov	Or fastest delivery Tomorrow, 14 Nov
HP 440 G9 BZ NB/Pro-book/i5-1235U/16GB/512GB SSD/FHD/BLK/Win11 Pro/3 Yr Onsite-9S706AT	86999.0	12% off	4.0 out of 5 stars	1		
"Lenovo V15 Portable Laptop, 15.6"" FHD Anti-Glare Display, Business and Everyday Use, Intel Dual Core Processor, 8GB RAM, 256GB SSD, Webcam, HDMI, Wi-Fi, Windows 11 Home, Black"	23990.0	39% off	4.0 out of 5 stars	25	FREE delivery Sat, 16 Nov	Or fastest delivery Tomorrow, 14 Nov
"Lenovo V14 G3 (2024), Intel Core i3 12th Gen 1215U - (16GB/512GB SSD/Intel UHD Graphics/Windows 11 Pro) Thin and Light Business Laptop/14.0"" FHD Display/Iron Grey/1.57 kg/MS Office 2021 Pro Plus"	33490.0	59% off			FREE delivery Mon, 18 Nov	
"(Refurbished) Lenovo ThinkPad T470 7th Gen Intel Core i5 Thin & Light HD Laptop (16 GB DDR4 RAM|512 GB SSD|14"" (35.6 cm) HD|Windows 11|WiFi|Bluetooth|Webcam|Intel HD Graphics)"	16849.0	44% off	3.3 out of 5 stars	10	FREE delivery Mon, 18 Nov	
(Renewed) HP Intel Core i7 6700HQ 15.6-Inch (39.62 cms) 1920 X 1080 Laptop (16 GB/512 GB SSD/Windows/Intel HD Graphics & Nvidia 1000m/Grey/2.7 Kg), Zbook 15	29990.0	88% off	2.9 out of 5 stars	7	FREE delivery	
Apple 2024 MacBook Pro Laptop with M4 chip with 10‑core CPU and 10‑core GPU: Built for Apple Intelligence, 35.97 cm (14.2″) Liquid Retina XDR Display 16GB Unified Memory, 1TB SSD Storage; Space Black	189900.0				FREE delivery Fri, 15 Nov	Or fastest delivery Tomorrow, 14 Nov
"(Refurbished) Lenovo V310 7th Gen Intel Core i3 Thin & Light HD Laptop (8 GB DDR4 RAM|256 GB SSD|14"" (35.6 cm) HD|Windows 11|MS Office|WiFi|BT|Webcam|Intel HD Graphics)"	13999.0	84% off	4.0 out of 5 stars	21	FREE delivery Mon, 18 Nov	Or fastest delivery Sat, 16 Nov
"DELL Latitude 3540 (2024) Intel Core i3 12th Gen 1215U - (16 GB/512 GB SSD/Intel UHD Graphics/Windows 11 Pro) Thin and Light Business Laptop/15.6"" HD Display/Smoky Black/1.8 kg/MS Office 2021 Pro Plus"	34400.0	35% off	5.0 out of 5 stars	1	FREE delivery Tue, 19 Nov	
"Lenovo [Smart Choice Ideapad Gaming 3 Laptop AMD Ryzen 5 5500H 15.6"" (39.62Cm) Fhd IPS 300Nits 144Hz (8Gb/512Gb Ssd/Win11/Nvidia RTX 2050 4Gb/Alexa/3 Month Game Pass/Shadow Black/2.32Kg),82K20289In"	48190.0	38% off	4.0 out of 5 stars	681	FREE delivery Sat, 16 Nov	Or fastest delivery Tomorrow, 14 Nov
"Lenovo V15 12th Gen Intel Core i5-1235U 15.6"" FHD Thin and Light Laptop (16GB RAM/512GB SSD/Windows 11 Home/MS Office Home & Student 2021/Iron Grey/1.70 kg), 82TTA07RIH"	43990.0	52% off	3.6 out of 5 stars	67	FREE delivery Mon, 18 Nov	
HP 247 G8 Laptop (R3-5300U/ 14 inches /8GB RAM DDR4 /512 GB SSD/Windows 11 Home) One Year Warranty, 600A9PA	27490.0	31% off	3.0 out of 5 stars	1	FREE delivery Fri, 15 Nov	Or fastest delivery Tomorrow, 14 Nov
HP Laptop 15,AMD Ryzen 3 7320U 15.6-inch (39.6 cm), FHD, 8GB LPDDR5, 512GB SSD, AMD Radeon Graphics, 1080p FHD Camera TNR, (Win 11, Silver, 1.59 kg), fc0154AU	34027.0	26% off	4.1 out of 5 stars	1414	FREE delivery Fri, 15 Nov	Or fastest delivery Tomorrow, 14 Nov
"Acer Aspire 3 Intel Core i3-1215U Processor Laptop with 35.56 cm (14"") Full HD LED-Backlit IPS Display (8 GB RAM/512 GB SSD/Wifi 6/Intel Graphics/Win11 Home/65W) A324-51, Steel Gray, 1.45KG"	27990.0	18% off	3.2 out of 5 stars	11	FREE delivery	
MSI Thin 15, Intel Core i5-12450H, 40CM FHD 144Hz Gaming Laptop(8GB/512GB NVMe SSD/Windows 11 Home/NVIDIA GeForce RTX 2050,GDDR6 4GB/Cosmos Gray/1.86Kg), B12UCX-1696IN	43990.0	35% off	4.1 out of 5 stars	93	FREE delivery Mon, 18 Nov	
Apple 2024 MacBook Pro Laptop with M4 chip with 10‑core CPU and 10‑core GPU: Built for Apple Intelligence, 35.97 cm (14.2″) Liquid Retina XDR Display, 16GB Unified Memory, 512GB SSD Storage; Silver	169900.0				FREE delivery Fri, 15 Nov	Or fastest delivery Tomorrow, 14 Nov
Apple 2024 MacBook Air 15″ Laptop with M3 chip: 38.91 cm (15.3″) Liquid Retina Display, 24GB Unified Memory, 512GB SSD Storage, Backlit Keyboard, 1080p FaceTime HD Camera, Touch ID- Midnight	174900.0				FREE delivery Fri, 15 Nov	Or fastest delivery Tomorrow, 14 Nov
Apple 2024 MacBook Pro Laptop with M4 Pro chip with 14u202fcore CPU and 20u202fcore GPU: Built for Apple Intelligence, (14.2u2033) Liquid Retina XDR Display, 24GB Unified Memory, 1TB SSD Storage; Space Black	134900.0	0.13	4.5	91	FREE delivery	Or fastest delivery Tomorrow, 14 Nov
Apple 2024 MacBook Pro Laptop with M4 chip with 10u202fcore CPU and 10u202fcore GPU: Built for Apple Intelligence, (14.2u2033) Liquid Retina XDR Display, 14GB Unified Memory, 1TB SSD Storage; Space Black	110949.0	0.2	3.2	28	FREE delivery Fri, 15 Nov	Or fastest delivery Tomorrow, 14 Nov
Apple 2024 MacBook Pro Laptop with M4 Pro chip with 10u202fcore CPU and 16u202fcore GPU: Built for Apple Intelligence, (14.2u2033) Liquid Retina XDR Display, 24GB Unified Memory, 512GB SSD Storage; Silver	72990.0	0.18	3.3	46	FREE delivery Fri, 15 Nov	Or fastest delivery Tomorrow, 14 Nov
"Lenovo IdeaPad 1 AMD Ryzen 7 5700U 15.6"" HD Thin and Light Laptop (16GB/512GB SSD/Windows 11 Home/MS Office 2021/1Yr ADP Free/Cloud Grey/1.61Kg), 82R400EHIN"	41990.0	0.41	5.0	1	FREE delivery Fri, 15 Nov	Or fastest delivery Tomorrow, 14 Nov
HP Laptop 240 G9 (2024), Intel Core i3 12th Gen 1215U - (16GB/512GB SSD/Intel Iris Xe Graphics/Windows 11 Pro) Thin and Light Business Laptop/14 (35.56cm)/Silver/1.47 kg/MS Office 2021 Pro Plus	36499.0	0.49	3.5	2	FREE delivery Mon, 18 Nov	Or fastest delivery Tomorrow, 14 Nov
"DELL Latitude 3540 (2024) Intel Core i3 12th Gen 1215U - (16 GB/512 GB SSD/Intel UHD Graphics/Windows 11 Pro) Thin and Light Business Laptop/15.6"" HD Display/Smoky Black/1.8 kg/MS Office 2021 Pro Plus"	34400.0	0.35	5.0	1	FREE delivery Tue, 19 Nov	Or fastest delivery Tomorrow, 14 Nov
HP 15s Core i5 12th Gen (8GB RAM/512 GB SSD/FHD/Windows 11/MS Office 21/Backlit Keyboard/15.6u2033 (39.6cm)/Silver/1.69kg) fy5007TU Laptop	47490.0	0.29	3.8	315	FREE delivery Fri, 15 Nov	Or fastest delivery Tomorrow, 14 Nov
HP Laptop 15,AMD Ryzen 3 7320U 15.6-inch (39.6 cm), FHD, 8GB LPDDR5, 512GB SSD, AMD Radeon Graphics, 1080p FHD Camera TNR, (Win 11, Silver, 1.59 kg), fc0154AU	34027.0	0.26	4.1	1414	FREE delivery Fri, 15 Nov	Or fastest delivery Tomorrow, 14 Nov
"HP 15s Ryzen 5 (8GB RAM/512GB SSD/FHD/Windows 11/ MS Office/Numeric Keyboard /15.6""(39.6cm)/Silver/1.69 kg) eq2144AU Laptop"	36762.0	0.4	4.1	1021	FREE delivery Fri, 15 Nov	Or fastest delivery Tomorrow, 14 Nov
HP Pavilion 16, Enhanced by AI, Intel Core Ultra 5 125U, 16-inch (40.6 cm), WUXGA, 16GB LPDDR5, 512GB SSD, Intel Graphics, 1080p FHD IR Camera, Copilot, Backlit KB (Win 11, Silver, 1.77 kg), af0015TU	72990.0	0.18	3.3	46	FREE delivery Fri, 15 Nov	Or fastest delivery Tomorrow, 14 Nov
(Refurbished) Lenovo Thinkpad Laptop T480 Intel Core i5 8th Generation - 8350u Processor 32GB RAM & 512 GB SSD, 14 Inches Notebook Computer	24500.0	0.71	4.4	7	FREE delivery Mon, 18 Nov	Or fastest delivery Sat, 16 Nov
"Lenovo IdeaPad Slim 1 AMD Ryzen 5 5500U 15.6"" HD Thin and Light Laptop (8GB/512GB SSD/Windows 11 Home/MS Office 2021/Cloud Grey/1.61Kg), 82R400BRIN"	35000.0	0.36	4.3	9	\u20b979 delivery Sat, 16 Nov	Or fastest delivery Fri, 15 Nov
Apple 2024 MacBook Air 15u2033 Laptop with M3 chip: 38.91 cm (15.3u2033) Liquid Retina Display, 16GB Unified Memory, 256GB SSD Storage, Backlit Keyboard, 1080p FaceTime HD Camera, Touch ID- Silver	134900.0	0.05	4.4	34	FREE delivery Fri, 15 Nov	Or fastest delivery Tomorrow, 14 Nov
"Acer Aspire Lite 12th Gen Intel Core i7-1255U Premium Metal Laptop (Windows 11 Home/16 GB RAM/512 GB SSD) AL15-52, 39.62cm (15.6"") Full HD Display, Metal Body, Steel Gray, 1.59 Kg"	47990.0	0.41	3.6	31	FREE delivery Fri, 15 Nov	Or fastest delivery Tomorrow, 14 Nov
ASUS Vivobook Go 14 (2023) Thin & Light Laptop,AMD Ryzen 5 7520U, 14-inch (35.56 cm) FHD, (8GB RAM/512GB SSD/Windows 11/Office 2021/Alexa Built-in/Silver/1.38 kg), E1404FA-NK521WS	36990.0	0.41	3.9	34	FREE delivery Tue, 19 Nov	Or fastest delivery Tomorrow, 14 Nov
"(Refurbished) Lenovo ThinkPad 6th Gen Intel Core i5 Thin & Light HD Laptop (8 GB RAM|256 GB SSD|14"" (39.6 cm) HD|Windows 11|MS Office|WiFi|BT|Webcam|Intel Graphics)"	13829.0	0.85	3.1	13	FREE delivery Mon, 18 Nov	Or fastest delivery Sat, 16 Nov
"Dell Inspiron 3530 Laptop, 13th Gen Intel Core i5-1334U Processor, 16GB, 512GB SSD, 15.6""(39.62cm) FHD 120Hz 250 nits, Backlit KB, Windows 11 + Mso'21 & 15 Month McAfee, Silver, Thin & Light- 1.62kg"	55155.0	0.24	3.7	23	FREE delivery Fri, 15 Nov	Or fastest delivery Tomorrow, 14 Nov
ASUS Vivobook Go 14 (2023), AMD Ryzen 5 7520U, 14-inch (35.56 cm) FHD, Thin & Light Laptop (8GB/512GB SSD/Windows 11/Office 2021/Alexa Built-in/Mixed Black/1.38 kg), E1404FA-NK522WS	36990.0	0.41	3.9	34	FREE delivery Tue, 19 Nov	Or fastest delivery Tomorrow, 14 Nov
Apple 2024 MacBook Air 15u2033 Laptop with M3 chip: 38.91 cm (15.3u2033) Liquid Retina Display, 16GB Unified Memory, 512GB SSD Storage, Backlit Keyboard, 1080p FaceTime HD Camera, Touch ID- Midnight	166990.0	0.05	4.4	34	FREE delivery Fri, 15 Nov	Or fastest delivery Tomorrow, 14 Nov
"Acer Aspire 3 Intel Core i3-1215U Processor Laptop with 35.56 cm (14"") Full HD LED-Backlit IPS Display (16 GB RAM/512 GB SSD/Wifi 6/Intel Graphics/Win11 Home/65W) A324-51, Steel Gray, 1.45KG"	29990.0	0.38	3.9	11	FREE delivery	Or fastest delivery Tomorrow, 14 Nov
"Lenovo IdeaPad Slim 5 Intel Core Ultra 5 125H Built-in AI 16"" (40.6cm) WUXGA-IPS 300Nit Thin & Light Laptop (16GB/1TB SSD/Win 11/MSO 21/FHD+IR Cam/1Yr ADP Free/3 mon Game Pass/Grey/1.9Kg), 83DC0042IN"	76690.0	22%	2.8	23	FREE delivery Sat, 16 Nov	Or fastest delivery Tomorrow, 14 Nov
"Lenovo IdeaPad Pro 5 Intel Evo Core Ultra 9 185H Built-in AI 14"" (35.56cm) 2.8K-OLED 400Nits 120Hz Laptop (32GB/1TB SSD/Win11/MSO 21/FHD+IR Camera/1Yr ADP Free/3 Mon Game Pass/Grey/1.4Kg), 83D2001GIN"	97990.0	15%	4.4	71	FREE delivery Fri, 15 Nov	Or fastest delivery Tomorrow, 14 Nov
"Lenovo IdeaPad Slim 5 12th Gen Intel Core i5 12450H 14"" (36cm) WUXGA IPS 300Nits Thin and Light Laptop (16GB/1TB SSD/Win 11/Office 21/BacklitKB/FHD Camera/Alexa/3 Mon Game Pass/Grey/1.46Kg),83BF0043IN"	44990.0	39%	3.9	629	FREE delivery Fri, 15 Nov	Or fastest delivery Tomorrow, 14 Nov
"Lenovo V14 Intel Core i5 12th Gen 14""(35.56cm) FHD (1920x1080) Antiglare 250 Nits Thin and Light Laptop (8GB RAM/512GB SS..."	38600.0	55%	3.2	5	FREE delivery Mon, 18 Nov	Or fastest delivery Tomorrow, 14 Nov
"ASUS Vivobook Go 15 (OLED) 2023, AMD Ryzen 5 7520U, 15.6"" (39.62 cm) FHD OLED, Thin & Light Laptop (16GB/512GB SSD/Windows..."	46850.0	41%	4.3	17	FREE delivery Fri, 15 Nov	Or fastest delivery Tomorrow, 14 Nov
"HP Laptop 255 G8/G9 AMD Ryzen 3 3250U Dual Core - (8GB/512GB SSD/AMD Radeon Graphics/15.6"" (39.62cm)/DOS)"	26290.0	34%	3.9	146	FREE delivery Sat, 16 Nov	Or fastest delivery Fri, 15 Nov
"Lenovo IdeaPad Slim 3 AMD Ryzen 7 5700U(16GB DDR4 RAM /512GB M.2 NVMe SSD/Windows 11 + MS Office 21/Backlit KB /15.6"" FHD ..."	44990.0	39%	3.6	188	FREE delivery Fri, 15 Nov	Or fastest delivery Tomorrow, 14 Nov
ASUS Vivobook 15, 15.6-inch (39.62 cm) FHD, Intel Pentium Gold 7505, Thin and Light Laptop, (8GB RAM/256GB SSD/Intergrated...	25990.0	35%	4.0	5	FREE delivery Mon, 25 Nov	
MSI Thin A15, AMD 7th Gen. Ryzen 5 7535HS, 40CM Gaming Laptop(8GB/512GB NVMe SSD/Windows 11 Home/Nvidia GeForce RTX 2050, ...	44990.0	36%	5.0	1	FREE delivery Fri, 15 Nov	Or fastest delivery Tomorrow, 14 Nov
Lenovo V14 G3 (2024), Intel Core i5 12th Gen 1235U - (8GB/512GB SSD/Intel UHD Graphics/Windows 11 Home) Thin and Light Bus...	38490.0	54%			FREE delivery Mon, 18 Nov	Or fastest delivery Tomorrow, 14 Nov
Lenovo [Smartchoice LOQ 12th Gen Intel Core i5-12450HX /39.6cm/ 144Hz 300Nits FHD Gaming Laptop (16GB/512GB SSD/Win 11/ RT...	74190.0	23%	3.9	407	FREE delivery Fri, 15 Nov	Or fastest delivery Tomorrow, 14 Nov
"ASUS Zenbook 14, Intel Core Ultra 5, 14"" 3K OLED 16:10 120 Hz, Thin & Light Laptop, Built-in AI (16GB RAM/1 TB//Win 11/Office 2021/Backlit/Touchscreen/75WHr /Ponder Blue/1.28 Kg), UX3405MA-PZ552WS"	102990.0	16%			FREE delivery Fri, 15 Nov	Or fastest delivery Tomorrow, 14 Nov
"HP 15s Core i3 12th Gen (8GB RAM/512GB SSD/FHD/MS Office 21/Windows 11/15.6"" (39.6cm)/Silver/1.69 kg) fy5011TU Laptop"	37490.0	23%	3.3	48	FREE delivery Fri, 15 Nov	Or fastest delivery Tomorrow, 14 Nov
HP 250 G9 Intel Core i3 12th Gen 1215U - (8 GB/512 GB SSD/Windows 11 Home) 7M657PA Thin and Light Laptop (15.6 inch, Silve...	32800.0	24%	3.8	80	₹99 delivery Tomorrow, 14 Nov	
"Lenovo Yoga Slim 7 Intel Core Ultra 5 125H Built-in AI 14""(35.5cm) WUXGA-OLED 400Nits Laptop (16GB/512GB SSD/60Hz/100% DC..."	90990.0	28%	4.2	8	FREE delivery Fri, 15 Nov	Or fastest delivery Tomorrow, 14 Nov
Acer ALG Gaming Laptop 12th Gen Intel Core i5 Processor (16GB RAM/512GB SSD/6GB RTX3050/144Hz/Win11Home/Wifi 6) AL15G-52, ...	58980.0	37%	3.8	74	FREE delivery Fri, 15 Nov	Or fastest delivery Tomorrow, 14 Nov
"(Refurbished) Lenovo ThinkPad 5th Gen Intel Core i5 Thin & Light HD Laptop (16 GB RAM/512 GB SSD/14"" (35.6 cm) HD/Windows ..."	14680.0	75%	3.8	64	FREE delivery	
"ASUS VivoBook 15 (2022), Intel®Core i3-1215U 12th Gen, 15.6"" (39.62 cm) FHD, Thin and Light Laptop (8GB/512 SSD//Windows 1..."	32990.0	42%	4.1	900	FREE delivery Mon, 18 Nov	
"ASUS Vivobook 16, Intel Core i5-12500H 12th Gen, 16"" (40.64 cm) FHD+, Thin and Light Laptop (16GB/512GB/Win11/Office 2021/..."	52790.0	28%	3.6	23	FREE delivery Fri, 15 Nov	Or fastest delivery Tomorrow, 14 Nov
Apple 2024 MacBook Air (13-inch, Apple M3 chip with 8‑core CPU and 10‑core GPU, 24GB Unified Memory, 512GB) - Space Gray	154900.0				FREE delivery Fri, 15 Nov	Or fastest delivery Tomorrow, 14 Nov
"Chuwi HeroBook Plus 15.6"" FHD Laptop, Intel Celeron N4020 Dual Core Processor Upto 2.80GHz, 8GB RAM, 256GB SSD, Intel UHD Graphics, Windows 11,WiFi 6,Webcam,BT 5.2,HDMI Port,38Wh, 1.74kg (Iron Gray)"	18990.0	53%	3.7	3126	FREE delivery Fri, 15 Nov	Or fastest delivery Tomorrow, 14 Nov
PLIXIO Adjustable Laptop Stand with 360° Rotating Base Tabletop Laptop Stand Ergonomic Foldable Portable Laptop Stand Holder Compatible for MacBook, HP, Dell, Lenovo & All Other Notebook (Sliver)	3999.0	67%	4.5	32	FREE Delivery by Amazon	
Apple 2024 MacBook Air 15″ Laptop with M3 chip: 38.91 cm (15.3″) Liquid Retina Display, 16GB Unified Memor...	154900.0	11.0	4.4	34	FREE delivery	
"Lenovo Thinkpad P14s 13th Gen Intel Core i7 14"" (35.56 cm) WUXGA IPS 300nits Thin and Light Workstation (16..."	110990.0	31.0	3.6	16	FREE delivery	
HP Laptop 15s, AMD Ryzen 3 5300U, 15.6-inch (39.6 cm), FHD, 8GB DDR4, 512GB SSD, AMD Radeon Graphics, Thin & Light, Dual S...	31990.0	20.0	3.9	75	FREE delivery	Mon, 18 Nov
Apple 2024 MacBook Air 15″ Laptop with M3 chip: 38.91 cm (15.3″) Liquid Retina Display, 16GB Unified Memory, 512GB SSD Sto...	154900.0	11.0	4.4	34	FREE delivery	
"(Refurbished) HP EliteBook 820 G4 7th Gen Intel Core i5 Thin & Light HD Laptop (16 GB DDR4 RAM|256 GB SSD|12.5"" (31.8 cm) ..."	15885.0	82.0			FREE delivery	Mon, 18 Nov
Lenovo V14 G4 (2024), AMD Ryzen 3 7320U Quad Core - (8GB/512GB SSD/AMD Radeon Graphics 610M/Windows 11 Home) Thin and Ligh...	27950.0	30.0			FREE delivery	
(Refurbished) FUTOPIA ULTIMUS Pro, Celeron N4020c Thin & Light 4GB RAM 128GB eMMC, 14.1-inch (35.8 cm) HD Display Win 11 H...	8915.0	64.0	1.0	1	FREE delivery	Sat, 16 Nov
"Dell 15 Thin & Light Laptop, Intel Core 13th Generation i5-1334U Processor, 16GB DDR4 & 512GB SSD, 15.6"" (39.62cm) FHD 120..."	52490.0	26.0	3.8	41	₹99 delivery	Tomorrow, 14 Nov
"Dell Inspiron 3520 Laptop, 12th Gen Intel Core i5-1235U Processor, 8GB, 512GB SSD, 15.6"" (39.62Cms) FHD Display- 3 Side Na..."	43990.0	30.0	3.7	201	FREE delivery	Tomorrow, 14 Nov
"Chuwi GemiBook Plus 15.6"" Laptop, 8GB RAM 256GB SSD, Windows 11, Intel N100 (Upto 3.4GHz), WIFI 6, USB-A 3.0, Webcam, Blue..."	21990.0	51.0	3.6	287	FREE delivery	Tomorrow, 14 Nov
"Lenovo ThinkPad E14 Intel Core i7 13th Gen 14"" WUXGA IPS 300 Nits Thin and Light Laptop (16GB RAM/512GB SS..."	86530.0	27.0	3.3	5	FREE delivery	Tomorrow, 14 Nov
(Refurbished) Dell Precision 7510 Intel Core i7 - 6920HQ Quad Core Processor, 64GB Ram & 128GB SSD, 15.6 In...	50690.0	61.0			FREE delivery	
"(Refurbished) Lenovo ThinkPad X260 6th Gen Intel Core i7 Thin & Light HD Laptop (8 GB DDR4 RAM|256 GB SSD|12.5"" (31.8 cm) ..."	15429.0	83.0	3.4	4	FREE delivery	Mon, 18 Nov
MSI Modern 14, Intel 12th Gen. i3-1215U, 36CM FHD 60Hz Laptop(8GB/512GB NVMe SSD/Windows 11 Home/MSO 2021/Intel UHD Graphi...	32849.0	32.0	4.1	6	FREE delivery	Mon, 18 Nov
"ASUS Vivobook Go 15 (OLED) 2023, AMD Ryzen 5 7520U, 15.6""(39.62 cm) FHD OLED, Thin & Light Laptop (16GB/512GB SSD/Windows ..."	46990.0	41.0	3.9	32	FREE delivery	Tomorrow, 14 Nov
HP Victus Gaming Laptop,13Th Gen Intel Core I7-13620H,Windows 11 Home 6Gb RTX 4050 Gpu,15.6-Inch(39.6 Cm),Fhd,IPS,144Hz,16...	91818.0	23.0	5.0	3	FREE delivery	Tomorrow, 14 Nov
Apple 2024 MacBook Air 15″ Laptop with M3 chip: 38.91 cm (15.3″) Liquid Retina Display, 24GB Unified Memor...	174900.0				FREE delivery	Tomorrow, 14 Nov
Apple 2024 MacBook Air (13-inch, Apple M3 chip with 8‑core CPU and 10‑core GPU, 24GB Unified Memory, 512GB) - Starlight	154900.0				FREE delivery	Tomorrow, 14 Nov
"(Refurbished) Lenovo ThinkPad P52 8th Gen Intel Core i7 Workstation FHD Laptop (16 GB DDR4 RAM, 512 GB SSD, 15.6"" (39.6 c..."	29689.0	67.0	3.7	55	FREE delivery	Mon, 18 Nov
"Acer Aspire 3 Intel Core i3-N305 Processor Laptop with 35.56 cm (14"") Full HD LED-Backlit IPS Display (16 GB RAM/512 GB SS..."	28990.0	34.0	4.2	4	FREE delivery	Tomorrow, 14 Nov
Lenovo IdeaPad 3 12th Gen Intel Core i3-1215U 14 Inch (35.5cm) FHD Thin & Light Laptop (8GB/512GB SSD/Win 11/Office 2021/B...	36450.0	34.0	3.9	376	FREE delivery	Tue, 19 Nov
Apple 2024 MacBook Pro Laptop with M4 Pro chip with 14u202fcore CPU and 20u202fcore GPU: Built for Apple Intelligence, (14.2u2033) Liquid Retina XDR Display, 24GB Unified Memory, 1TB SSD Storage; Space Black	169900.0				FREE delivery Fri, 15 Nov	Or fastest delivery Tomorrow, 14 Nov
Apple 2024 MacBook Pro Laptop with M4 chip with 10u202fcore CPU and 10u202fcore GPU: Built for Apple Intelligence, (14.2u2033) Liquid Retina XDR Display, 14GB Unified Memory, 1TB SSD Storage; Space Black					FREE delivery Sat, 16 Nov	Or fastest delivery Tomorrow, 14 Nov
Apple 2024 MacBook Pro Laptop with M4 Pro chip with 10u202fcore CPU and 16u202fcore GPU: Built for Apple Intelligence, (14.2u2033) Liquid Retina XDR Display, 24GB Unified Memory, 512GB SSD Storage; Silver					FREE delivery Sat, 16 Nov	Or fastest delivery Tomorrow, 14 Nov
Apple 2024 MacBook Pro Laptop with M4 chip with 10u202fcore CPU and 10u202fcore GPU: Built for Apple Intelligence, (14.2u2033) Liquid Retina XDR Display, 16GB Unified Memory, 512GB SSD Storage; Space Black	169900.0		3.4	30	FREE delivery Fri, 15 Nov	Or fastest delivery Tomorrow, 14 Nov
ASUS TUF F17 Gaming Laptop, Core i5-11400H 11th Gen, 17.3-inch (43.94 cm) 144Hz, (8GB RAM/512GB SSD/4GB NVIDIA GeForce RTX 2050/Windows 11/ RGB Backlit KB/Black/2.30 kg), FX706HF-HX018W	48990.0	36.0	3.8	362	FREE delivery Fri, 15 Nov	Or fastest delivery Tomorrow, 14 Nov
MSI Cyborg 15, Intel 12th Gen. i5-12450H, 40CM FHD 144Hz Gaming Laptop (8GBx2/512GB NVMe SSD/Windows 11 Home/Nvidia GeForce RTX 2050, GDDR6 4GB/Black/1.98Kg), A12UCX-264IN	52990.0	41.0	4.2	70	FREE delivery Fri, 15 Nov	Or fastest delivery Tomorrow, 14 Nov
"Dell Inspiron 5430 Laptop, Intel Core i5-1335U Processor/ 8GB/ 512GB SSD/ 14.0"" (35.56cm) FHD+ Comfort View/Backlit KB/Windows 11+MSO'21/15 Month McAfee/Platinum Silver, Thunderbolt 4.0 Port,1.59kg"	60990.0	10.0	3.9	70	FREE delivery Fri, 15 Nov	Or fastest delivery Tomorrow, 14 Nov
"Dell 15 Laptop, 13th Gen Intel Core i5-1335U Processor/ 8GB/ 512GB SSD/15.6"" (39.62cm) FHD AG 120Hz 250 nits Narrow Border/Windows 11 + MSO'21/15 Month McAfee/Carbon Black/Thin & Light- 1.66kg"	49990.0	25.0	3.8	41	FREE delivery Sat, 16 Nov	Or fastest delivery Fri, 15 Nov
HP 14s Core i3 12th Gen (8GB RAM/512GB SSD/FHD/14 (35.6 cm)/ Windows 11/ MS Office 21/Backlit Keyboard/Silver/1.46kg) dq5138TU Laptop	40900.0	20.0	4.1	1183	FREE delivery	
HP Victus AI Powered Gaming Laptop (Ryzen 7 7840Hs-16 GB DDR5 RAM / 512GB SSD / Win11 Home+MSO'2021/6 GB NVIDIA GeForce RTX 3050 Graphics/RGB Backlit KB/FHD Camera/Performance Blue/2.29KG) S0095AX	78990.0		3.9	75	FREE delivery Fri, 15 Nov	Or fastest delivery Tomorrow, 14 Nov
HONOR MagicBook X16 Pro 2024, 13th Gen Intel Core i5-13420H (8GB/512GB NVMe SSD, 16-inch (40.64 cm) FHD IPS Anti-Glare Thin and Light Laptop/Windows 11/Backlit Keyboard/Fingerprint/1.75Kg), Gray	46990.0	41.0	4.1	536	FREE delivery Fri, 15 Nov	Or fastest delivery Tomorrow, 14 Nov
MSI Katana 17, Intel 13th Gen. i7-13620H, 44CM FHD 144Hz Gaming Laptop (16GB/512GB NVMe SSD/Windows 11 Home/Nvidia GeForce RTX3050, 6GB GDDR6/Black/2.6Kg), B13UDXK-255IN	74990.0	40.0	3.4	17	FREE delivery Fri, 15 Nov	Or fastest delivery Tomorrow, 14 Nov
Apple 2024 MacBook Pro Laptop with M4 Pro chip with 14u202fcore CPU and 20u202fcore GPU: Built for Apple Intelligence, (16.2u2033) Liquid Retina XDR Display, 24GB Unified Memory, 512GB SSD Storage; Silver	249900.0				FREE delivery	
2022 Apple MacBook Air Laptop with M2 chip: 13.6-inch Liquid Retina Display, 16GB RAM, 256GB SSD Storage, Backlit Keyboard, 1080p FaceTime HD Camera. Works with iPhone and iPad; Midnight	99900.0				FREE delivery Fri, 15 Nov	Or fastest delivery Tomorrow, 14 Nov
"ASUS Vivobook S 15 OLED (2023), Intel Core EVO i5-13500H 13th Gen, 15.6"" (39.62 cm) 2.8K 120Hz OLED, Thin & Light Laptop (16GB/512GB SSD/Iris Xe/Win 11/Office 2021/75WHr/Blue/1.7 kg) S5504VA-MA541WS"	75990.0	29.0	3.8	230	FREE delivery Fri, 15 Nov	Or fastest delivery Tomorrow, 14 Nov
"Lenovo V15 G4 (2024), AMD Ryzen 5 7520U Quad Core - (8GB/512GB SSD/AMD Radeon Graphics/Windows 11 Pro) Thin and Light Business Laptop/15.6"" FHD Display/Arctic Grey/1.57 kg/MS Office 2021 Pro Plus"	32890.0	54.0	4.0	3	FREE delivery Mon, 18 Nov	
HP Victus Ryzen 5 5600H (RX 6500M/16GB RAM/1TB SSD/FHD/Windows 11/Backlit Keyboard/15.6u2033 (39.6 cm)/Blue/2.29kg) fb0150AX Laptop	54599.0	19.0	3.6	35	FREE delivery Sat, 16 Nov	Or fastest delivery Tomorrow, 14 Nov
"ASUS VivoBook 15 (2022), Intelu00aeCoreu2122 i3-1215U 12th Gen, 15.6"" (39.62 cm) FHD, Thin and Light Laptop (8GB/512 SSD//Windows 11/Office 2021/Backlit KB/Quiet Blue/1.7 kg), X1504ZA-NJ325WS"	34880.0	37.0	4.1	900	FREE delivery Fri, 15 Nov	Or fastest delivery Tomorrow, 14 Nov
"Acer Aspire Lite AMD Ryzen 5 5500U Premium Thin and Light Laptop (16 GB RAM/1 TB SSD/Windows 11 Home) AL15-41, 39.62 cm (15.6"") Full HD Display, Metal Body, Steel Gray, 1.59 KG"	37890.0	41.0	3.8	45	FREE delivery	
MSI Modern 15, Intel 12th Gen. i3-1215U, 40CM FHD 60Hz Laptop (16GB/512GB NVMe SSD/Windows 11 Home/Intel UHD Graphics/Classic Black/1.7Kg), B12M-612IN	31689.0	55.0	4.2	53	FREE delivery Sat, 16 Nov	
HP Victus Gaming Laptop,12th Gen Intel Core i5-12450H,4GB RTX 3050 GPU,15.6-inch(39.6 cm),FHD,IPS,16GB DDR4,512GB SSD,Backlit KB,Dual Speakers (MSO, Blue,2.37 kg),fa0666TX/fa0444tx/fa0333tx	65990.0	23.0	4.1	473	FREE delivery Fri, 15 Nov	Or fastest delivery Tomorrow, 14 Nov
HP Pavilion Plus Laptop AMD RYZEN AI Powered 7-7840U, 14-inch (35.6 cm) OLED, 2.8K UWVA, 16GB RAM, 1TB SSD, Radeon 780M Graphics, B&O, Backlit KB,(Win 11, Xbox Game Pass, Silver, 1.44kg),14-ey0789AU	78990.0	28.0	3.7	25	FREE delivery	
2022 Apple MacBook Air Laptop with M2 chip: 13.6-inch Liquid Retina Display, 16GB RAM, 256GB SSD Storage, Backlit Keyboard, 1080p FaceTime HD Camera. Works with iPhone and iPad; Starlight	99900.0				FREE delivery Fri, 15 Nov	Or fastest delivery Tomorrow, 14 Nov
"Lenovo Thinkpad P14s 13th Gen Intel Core i7 14""(35.56 cm) WUXGA IPS 300nits Thin and Light Workstation (16GB/512GB SSD/Win 11 Pro/Backlit/Villi Black/3Y Premier/NVIDIA RTX A500 4GB/1.34Kg), 21HF001FIG"	129990.0	28.0	3.6	16	FREE delivery Sat, 16 Nov	Or fastest delivery Tomorrow, 14 Nov
"Acer Chromebook CB315-4H Intel Celeron N4500 (Chrome OS/8 GB RAM/128 GB/WiFi 6) 39.6 cm (15.6"") Full HD, Silver, 1.6 KG, 3 Months Google One AI Premium Plan with Gemini Advanced & 2TB Cloud Storage"	15990.0	57.0	3.4	30	FREE Delivery by Amazon	Get it by Tomorrow, 14 November
"Lenovo IdeaPad Slim 5 Intel Core Ultra 5 125H Built-in AI 16"" (40.6cm) WUXGA-IPS 300Nit Thin & Light Laptop (16GB/1TB SSD/Win 11/MSO 21/FHD+IR Cam/1Yr ADP Free/3 mon Game Pass/Grey/1.9Kg), 83DC0042IN"	154900.0	0.11	2.8	23	True	
"Lenovo IdeaPad Pro 5 Intel Evo Core Ultra 9 185H Built-in AI 14"" (35.56cm) 2.8K-OLED 400Nits 120Hz Laptop (32GB/1TB SSD/Win11/MSO 21/FHD+IR Camera/1Yr ADP Free/3 Mon Game Pass/Grey/1.4Kg), 83D2001GIN"			4.4	71	True	
"Lenovo IdeaPad Slim 5 12th Gen Intel Core i5 12450H 14"" (36cm) WUXGA IPS 300Nits Thin and Light Laptop (16GB/1TB SSD/Win 11/Office 21/BacklitKB/FHD Camera/Alexa/3 Mon Game Pass/Grey/1.46Kg),83BF0043IN"			3.9	629	True	
Apple 2024 MacBook Air 15″ Laptop with M3 chip: 38.91 cm (15.3″) Liquid Retina Display, 16GB Unified Memor...	154900.0	0.11	4.4	34	True	
(Renewed) HP Intel Core i7 6700HQ 15.6-Inch (39.62 cms) 1920 X 1080 Laptop (16 GB/1.5 TB SSD/Windows/Intel ...	48990.0	0.8	2.7	4	True	
HP Laptop 245 G9 (2024), AMD Ryzen 3 3250U Dual Core - (8GB/512GB SSD/AMD Radeon Graphics/Windows 11 Pro) Thin and Light B...	28490.0	0.38	4.0	1	True	Mon, 18 Nov
(Refurbished) Lenovo ThinkPad E470 7th Gen Intel Core i3 Thin & Light HD Laptop (8 GB RAM/256 GB SSD/14 (35.6 cm) HD/Windo...	13999.0	0.84	4.0	1	True	Mon, 18 Nov
"HP Laptop 255 G9 (2024), AMD Ryzen 5 5625U Hexa Core - (8GB/512GB SSD/AMD Radeon Graphics/Windows 11 Pro) Thin and Light Business Laptop/15.6"" (39.62cm)/Silver/1.47 kg/MS Office 2021 Pro Plus"	33210.0	0.56	5.0	2	True	Mon, 18 Nov
ASUS Vivobook 15, Intel Pentium Gold 7505, 15.6-inch FHD 60Hz, Thin & Light Laptop (8GB/512GB SSD//Win11/Office 2021//Chic...	25990.0	0.4	2.0	3	True	Tomorrow, 14 Nov
"Lenovo V14 G3 Laptop (Intel Core i5/ 12th Gen/ 8GB RAM/ 512GB SSD/DOS/ 14"" Inch), Arctic Grey, 1 Year Service Center Carry ..."	37790.0	0.62	2.5	21	True	Mon, 18 Nov
"ASUS Vivobook 15, Intel Core i5-1235U 12th Gen, 15.6"" (39.62 cm) FHD, Thin and Light Laptop (16GB RAM/512GB SSD/Win11//Bac..."	47990.0	0.36	3.7	7	True	Mon, 18 Nov
(Renewed) DELL Latitude 5490 Core i5 8th Gen Laptop, 8 GB RAM, 256GB SSD, Intel HD Graphics, 14 inch (36.83 cms) HD Scree...	16560.0	0.83	3.7	182	True	
"ASUS TUF Gaming A15, AMD Ryzen 7 7435HS, 15.6"" FHD 144Hz 250 nits, Gaming Laptop (16GB RAM/512GB SSD/NVIDIA GeForce RTX 30..."	67990.0	0.26	4.0	327	True	Tomorrow, 14 Nov
"(Refurbished) Lenovo ThinkPad 6th Gen Intel Core i5 Thin & Light HD Laptop (16 GB RAM|512 GB SSD|14"" (39.6 cm) HD|Windows ..."	16199.0	0.82	2.9	11	True	Sat, 16 Nov
(Refurbished) Dell Latitude Laptop 5400 Intel Core i5 Mobile-8th Gen -Processor , 16 GB Ram & 1TB SSD, 14 Inches FHD 1080p ...	20900.0	0.79	3.8	17	True	
(Refurbished) FUTOPIA Ultimus PRO Intel Dual Core ~2.4GHz (4 GB/128 GB EMMC Storage/Windows 11 Home) NU14U3CNC43BN-MB Thin...	11040.0	0.15			True	Fri, 15 Nov
HP Pavilion 14 12th Gen Intel Core i5 8GB RAM/512GB SSD 14 inch(35.6cm) IPS Micro-Edge FHD Laptop/Intel Iris Xe Graphics/B&O/Win 11/Backlit KB/MSO 2021/Natural Silver, 14-dv2053TU	56990.0	0.18	3.9	124	True	Tomorrow, 14 Nov
HP 15 Ryzen 5 7520U (8GB RAM/512GB SSD/FHD/Windows 11/MS Office 21/Backlit Keyboard/15.6” (39.6cm)/Silver/1.59kg) fc0028AU...	38990.0	0.3	3.9	20	True	Tomorrow, 14 Nov
"ASUS Vivobook Go 14, AMD Ryzen 3 7320U, Thin and Light Laptop, 14"" (35.56 cm) FHD, (8 GB RAM/512GB SSD/Windows 11/Office 2..."	30990.0	0.39	4.2	56	True	Tomorrow, 14 Nov
Apple 2024 MacBook Air 15″ Laptop with M3 chip: 38.91 cm (15.3″) Liquid Retina Display, 24GB Unified Memor...	174900.0				True	
Apple 2024 MacBook Air (13-inch, Apple M3 chip with 8‑core CPU and 8‑core GPU, 16GB Unified Memory, 256GB) - Silver	114900.0				True	
MSI Modern 14, Intel 12th Gen. i7 1255U,36CM Laptop(16GB/512GB NVMe SSD/Windows 11 Home/Iris Xe/Classic Black/1.4Kg), C12MO-1202IN	44990.0	0.31			True	
Lenovo [Smartchoice LOQ 12th Gen Intel Core i5-12450HX /39.6cm/ 144Hz 300Nits FHD Gaming Laptop (16GB/512GB SSD/Win 11/ RTX 3050 6GB Graphics/100% sRGB/MSO 21/3 Mon Game Pass/Grey/2.4Kg), 83GS003UIN	74190.0	23%	3.9	407	FREE delivery Fri, 15 Nov	Or fastest delivery Tomorrow, 14 Nov
"Lenovo IdeaPad Slim 5 Intel Core Ultra 5 125H Built-in AI 16"" (40.6cm) WUXGA-IPS 300Nit Thin & Light Laptop (16GB/1TB SSD/Win 11/MSO 21/FHD+IR Cam/1Yr ADP Free/3 mon Game Pass/Grey/1.9Kg), 83DC0042IN"	78490.0	29%	2.8	23	FREE delivery Fri, 15 Nov	Or fastest delivery Tomorrow, 14 Nov
(Refurbished) HP Probook Laptop 640G3 7th Generation Intel Core i5-7200u Processor , 16 GB Ram & 512 GB SSD, 14 Inches Notebook Computer	21000.0	79%	3.7	29	FREE delivery Sat, 16 Nov	Or fastest delivery Fri, 15 Nov
(Renewed) Dell Latitude Laptop E5470 Intel Core i5 6th Gen. - 6200u Processor, 16 GB Ram & 256 GB SSD, 14.1 Inches HD Screen Notebook Computer	18990.0	68%	4.0	6	FREE delivery	
ASUS Vivobook 15 (2024) Intel Core i3 12th Gen 1215U - (8 GB/SSD/512 GB SSD/Windows 11 Home) X1502ZA-EJ953WS Thin and Light Laptop (15.6 Inch, Icelight Silver, 1.70 kg, with MS Office)	35390.0	38%	5.0	3	FREE delivery Sun, 17 Nov	
HP Laptop 15s, 12th Gen Intel Core i3-1215U, 15.6-inch (39.6 cm), FHD, 8GB DDR4, 1TB SSD, Intel UHD graphics, Thin & light, Dual speakers (Win 11, MSO 2021, Silver, 1.69 kg), fy5005TU	42100.0	14%	4.0	87	FREE delivery	
"Acer Aspire 3 Intel Core i5-1235U Processor Laptop with 35.56 cm (14"") FHD LED-Backlit IPS Display (8GB RAM/512GB SSD/WiFi 6/Intel Graphics/Win11Home) A324-51, Backlit Keyboard, Steel Gray, 1.45KG"	36990.0	30%	4.1	8	FREE delivery Mon, 18 Nov	
"ASUS Zenbook 14, Intel Core Ultra 7, 14"" 3K OLED 16:10 120 Hz, Thin & Light Laptop, Built-in AI (16GB RAM/1 TB//Win 11/Office 2021/Backlit/Touchscreen/75WHr /Foggy Silver/1.28 Kg), UX3405MA-PZ751WS"	116990.0	17%	3.9	22	FREE delivery Fri, 15 Nov	Or fastest delivery Tomorrow, 14 Nov
Apple 2024 MacBook Air 15″ Laptop with M3 chip: 38.91 cm (15.3″) Liquid Retina Display, 16GB Unified Memory, 512GB SSD Storage, Backlit Keyboard, 1080p FaceTime HD Camera, Touch ID- Silver	166990.0	5%	4.4	34	FREE delivery	
"Lenovo ThinkBook 15 G5 AMD Ryzen 7 7730U 15.6"" FHD Antiglare 250 Nits Thin and Light Laptop (8GB RAM/512GB SSD/Windows 11 Home/Fingerprint Reader/Backlit/Mineral Grey/1 Year Onsite/1.7 kg), 21JFA00BIN"	42020.0	67%	3.6	44	FREE delivery Fri, 15 Nov	Or fastest delivery Tomorrow, 14 Nov
"Lenovo V14 G3 (2024), Intel Core i3 12th Gen 1215U - (16GB/512GB SSD/Intel UHD Graphics/Windows 11 Home) Thin and Light Business Laptop/14.0"" FHD Display/Iron Grey/1.57 kg/MS Office 2021 Pro Plus"	33400.0	56%	5.0	2	FREE delivery Mon, 18 Nov	
"(Refurbished) HP EliteBook 820 G4 7th Gen Intel Core i5 Thin & Light HD Laptop (16 GB DDR4 RAM|256 GB SSD|12.5"" (31.8 cm) HD|Windows 11|MS Office|WiFi|Webcam|Intel HD Graphics)"	15885.0	82%			FREE delivery Mon, 18 Nov	Or fastest delivery Sat, 16 Nov
"Lenovo Yoga Slim 7 Intel Core Ultra 5 125H Built-in AI 14""(35.5cm) WUXGA-OLED 400Nits Laptop (16GB/512GB SSD/60Hz/100% DCI-P3/Win11/MSO 21/1Yr ADP Free/Alexa/3 month Game Pass/Grey/1.39Kg), 83CV003MIN"	90990.0	28%	4.2	8	FREE delivery Fri, 15 Nov	Or fastest delivery Tomorrow, 14 Nov
"ASUS Vivobook 15, IntelCore i3-1215U 12th Gen, 15.6"" (39.62 cm) FHD, Thin and Light Laptop (8 GB RAM/512GB SSD/Win11/Office 2021/Backlit/42WHr/1.70/Blue), X1504ZA-NJ326WS"	34990.0	13%	4.4	58	FREE delivery	
Apple 2024 MacBook Pro Laptop with M4 Pro chip with 14u202fcore CPU and 20u202fcore GPU: Built for Apple Intelligence, (14.2u2033) Liquid Retina XDR Display, 24GB Unified Memory, 1TB SSD Storage; Space Black	147990.0	0.04	4.4	34	FREE delivery Sat, 16 Nov	Or fastest delivery Tomorrow, 14 Nov
Apple 2024 MacBook Pro Laptop with M4 chip with 10u202fcore CPU and 10u202fcore GPU: Built for Apple Intelligence, (14.2u2033) Liquid Retina XDR Display, 14GB Unified Memory, 1TB SSD Storage; Space Black	147990.0	0.04	4.4	34	FREE delivery Sat, 16 Nov	Or fastest delivery Tomorrow, 14 Nov
Apple 2024 MacBook Pro Laptop with M4 Pro chip with 10u202fcore CPU and 16u202fcore GPU: Built for Apple Intelligence, (14.2u2033) Liquid Retina XDR Display, 24GB Unified Memory, 512GB SSD Storage; Silver	147990.0	0.04	4.4	34	FREE delivery Sat, 16 Nov	Or fastest delivery Tomorrow, 14 Nov
Apple 2024 MacBook Air 15u2033 Laptop with M3 chip: 38.91 cm (15.3u2033) Liquid Retina Display, 8GB Unified Memory,...	147990.0	0.04	4.4	34	FREE delivery Sat, 16 Nov	Or fastest delivery Tomorrow, 14 Nov
(Refurbished) HP Workstation Zbook Intel Core i7-4810MQ Quad Core Processor , 32 GB Ram & 2TB SSD, 15.6 Inc...	50990.0	0.43			FREE delivery	
"ASUS Vivobook 15 (2023), Intel Core i3-1315U 13th Gen, 15.6"" (39.62 cms) FHD, Thin and Light Laptop (8GB/512GB SSD/Integra..."	38990.0	0.33	3.9	74	FREE delivery Sun, 17 Nov	Or fastest delivery Tomorrow, 14 Nov
"HP 15s Core i3 12th Gen (8GB RAM/512GB SSD/FHD/MS Office 21/Windows 11/15.6"" (39.6cm)/Silver/1.69 kg) fy5011TU Laptop"	37490.0	0.23	3.3	48	FREE delivery Fri, 15 Nov	Or fastest delivery Tomorrow, 14 Nov
"(Refurbished) HP EliteBook 820 G4 7th Gen Intel Core i5 Thin & Light HD Laptop (16 GB DDR4 RAM|256 GB SSD|12.5"" (31.8 cm) ..."	15885.0	0.82	5.0	1	FREE delivery Mon, 18 Nov	Or fastest delivery Sat, 16 Nov
"Dell Refurbished Inspiron 3520 Laptop, Intel Core i5-1235U Processor, 16GB,512GB,15.6"" (39.62cm) FHD Display, Backlit Keyb..."	48990.0	0.36	3.7	49	FREE delivery Tue, 19 Nov	Or fastest delivery Tomorrow, 14 Nov
Acer ALG Gaming Laptop 12th Gen Intel Core i5 Processor (16GB RAM/1TB SSD/6GB RTX3050 Graphics/144Hz/Win11Home/Wifi 6) AL1...	60990.0	0.38	3.8	74	FREE delivery Fri, 15 Nov	Or fastest delivery Tomorrow, 14 Nov
"Lenovo Yoga Slim 7 Intel Core Ultra 5 125H Built-in AI 14""(35.5cm) WUXGA-OLED 400Nits Laptop (16GB/512GB SSD/60Hz/100% DC..."	90990.0	0.28	4.2	8	FREE delivery Fri, 15 Nov	Or fastest delivery Tomorrow, 14 Nov
"ASUS Vivobook 15, IntelCore i3-1215U 12th Gen, 15.6"" (39.62 cm) FHD, Thin and Light Laptop (8 GB RAM/512GB SSD/Win11/Offic..."	34990.0	0.13	4.4	58	FREE delivery	
"(Refurbished) Lenovo ThinkPad X250 5th Gen Intel Core i5 Thin & Light HD (8 GB RAM|512 GB SSD|12.5"" (31.8 cm) HD|Windows 1..."	13899.0	0.27	5.0	1	FREE delivery Mon, 18 Nov	Or fastest delivery Sat, 16 Nov
"Lenovo V15 12th Gen Intel Core i7-1255U 15.6"" FHD Thin and Light Laptop (16GB RAM/512GB SSD/Windows 11 Home/MS Office Home ..."	51990.0	0.43	4.0	2	FREE delivery Sat, 16 Nov	Or fastest delivery Tomorrow, 14 Nov
Acer Travelmate Business Laptop Intel Core i5-1135G7 processor (16GB DDR4/ 512GB SSD/Intel Iris Xe Graphics/Windows 11 Hom...	39990.0	0.53	3.5	20	FREE delivery Mon, 18 Nov	Or fastest delivery Tomorrow, 14 Nov
"Lenovo IdeaPad Slim 3 Intel Core i3 12th Gen 15.6"" (39.62cm) FHD Thin & Light Laptop (8GB/512GB SSD/Intel UHD Graphics/Win..."	35990.0	0.39	3.9	376	FREE delivery Fri, 15 Nov	Or fastest delivery Tomorrow, 14 Nov
"ASUS Vivobook 15, Core i5-12500H 12th Gen, 15.6"" (39.62 cm) FHD, 60Hz, Thin and Light Laptop (16GB RAM/512GB/Windows 11/Of..."	51990.0	0.32	3.9	137	FREE delivery	
"Lenovo IdeaPad Gaming 3 AMD Ryzen 7 7735HS 15.6"" (39.62cm) FHD IPS 120Hz Gaming Laptop (16GB/512GB SSD/Win11/Office/NVIDIA..."	72990.0	0.32	4.0	93	FREE delivery Sat, 16 Nov	Or fastest delivery Tomorrow, 14 Nov
Acer Aspire 5 Gaming Laptop 13th Gen Intel Core i5(16GB RAM/512GB SSD/NVIDIA RTX 2050 4GB Graphics/144Hz/Win11Home)A515-58...	55900.0	0.38	4.0	323	FREE delivery Mon, 18 Nov	
Alienware m16 R2 Gaming Laptop, AI Enabled Processor Intel Core Ultra 9 185H, 16GB, 1TB SSD, NVIDIA RTX 4060, 8 GB GDDR6, ...	165990.0	0.24	3.6	9	FREE delivery Tue, 19 Nov	
MSI Modern 14, Intel 12th Gen. i7 1255U,36CM Laptop(16GB/512GB NVMe SSD/Windows 11 Home/Iris Xe/Classic Black/1.4Kg), C12MO-1202IN	44990.0	0.31				
"Lenovo IdeaPad Slim 5 Intel Core Ultra 5 125H Built-in AI 16"" (40.6cm) WUXGA-IPS 300Nit Thin & Light Laptop (16GB/1TB SSD/Win 11/MSO 21/FHD+IR Cam/1Yr ADP Free/3 mon Game Pass/Grey/1.9Kg), 83DC0042IN"	30990.0	0.66	2.8	23	True	
"Lenovo IdeaPad Pro 5 Intel Evo Core Ultra 9 185H Built-in AI 14"" (35.56cm) 2.8K-OLED 400Nits 120Hz Laptop (32GB/1TB SSD/Win11/MSO 21/FHD+IR Camera/1Yr ADP Free/3 Mon Game Pass/Grey/1.4Kg), 83D2001GIN"			4.4	71	True	
"Lenovo IdeaPad Slim 5 12th Gen Intel Core i5 12450H 14"" (36cm) WUXGA IPS 300Nits Thin and Light Laptop (16GB/1TB SSD/Win 11/Office 21/BacklitKB/FHD Camera/Alexa/3 Mon Game Pass/Grey/1.46Kg),83BF0043IN"			3.9	629	True	
(Refurbished) HP Workstation Zbook Intel Core i7-4810MQ Quad Core Processor , 16 GB Ram & 128 GB SSD, 15.6 Inches with Intel & Nvidia K2100M Dual Graphics with FHD Screen 1080p Laptop Computer	30990.0	0.66			True	
"Lenovo V14 G3 Laptop (Intel Core i5/ 12th Gen/ 8GB RAM/ 512GB SSD/DOS/ 14"" Inch), Arctic Grey, 1 Year Service Center Carry in Warranty"	37790.0	0.62	2.5	21	True	Mon, 18 Nov
(Renewed) DELL Latitude 5490 Core i5 8th Gen Laptop, 8 GB RAM, 256GB SSD, Intel HD Graphics, 14 inch (36.83 cms) HD Screen, Windows 11 (Upgraded), MS Office, Black, Slim	16560.0	0.83	3.7	182	True	
ASUS Vivobook 15 (2024) Intel Core i3 12th Gen 1215U - (8 GB/SSD/512 GB SSD/Windows 11 Home) X1502ZA-EJ953WS Thin and Light Laptop (15.6 Inch, Icelight Silver, 1.70 kg, with MS Office)	35390.0	0.38	5.0	3	True	Sun, 17 Nov
HP Victus Gaming Laptop,12th Gen Intel Core i5-12450H,4GB RTX 3050 GPU,15.6-inch(39.6 cm),FHD,IPS,16GB DDR4,512GB SSD,Backlit KB,Dual Speakers (MSO, Blue,2.37 kg),fa0666TX/fa0444tx/fa0333tx	65990.0	0.23	4.1	473	True	Tomorrow, 14 Nov
(Refurbished) HP Probook Laptop 640G3 7th Generation Intel Core i5-7200u Processor , 16 GB Ram & 512 GB SSD, 14 Inches Notebook Computer	21000.0	0.79	3.7	29	True	Fri, 15 Nov
"Lenovo V14 G3 (2024), Intel Core i3 12th Gen 1215U - (16GB/512GB SSD/Intel UHD Graphics/Windows 11 Home) Thin and Light Business Laptop/14.0"" FHD Display/Iron Grey/1.57 kg/MS Office 2021 Pro Plus"	33400.0	0.56	5.0	2	True	Mon, 18 Nov
"Dell 14 Thin & Light Laptop, 13th Gen Intel Core i3-1305U Processor/ 8GB/ 512GB SSD/14.0"" (35.56cm) FHD + Comfort view/Windows 11 + MSO'21/15 Month McAfee/Spill-resistant Keyboard/Carbon Black/ 1.46kg"	38490.0	0.33	4.0	37	True	Mon, 18 Nov
HP Victus Gaming Laptop, AMD Ryzen 7 8845HS AI Powered, 6GB RTX 4050 GPU,15.6-inch (39.6 cm),FHD, IPS, 144Hz,16GB DDR5, 512GB SSD,300 nits, Win 11, Backlit KB, DTS:X Ultra (MSO,Blue,2.29 kg),fb2114AX	91990.0	0.15	4.0	12	True	Tomorrow, 14 Nov
MSI Modern 14, Intel 12th Gen. i7 1255U,36CM Laptop(16GB/512GB NVMe SSD/Windows 11 Home/Iris Xe/Classic Black/1.4Kg), C12MO-1202IN	44990.0	0.31	4.2	5	True	Tomorrow, 14 Nov
"Acer Aspire Lite 12th Gen Intel Core i7-1255U Premium Metal Laptop (Windows 11 Home/16 GB RAM/512 GB SSD) AL15-52, 39.62cm (15.6"") Full HD Display, Metal Body, Steel Gray, 1.59 Kg"	47990.0	0.41	3.6	31	True	Tomorrow, 14 Nov
(Refurbished) Lenovo E480 7th Gen Intel Core i3 Thin & Light HD Laptop (8 GB DDR4 RAM/256 GB SSD/14 (35.6 cm) HD/Windows 11/MS Office/WiFi/BT/Webcam/Intel Graphics)	13999.0	0.84	3.1	5	True	Sat, 16 Nov
"(Refurbished) Acer ALG Gaming Laptop 13th Gen Intel Core i7 Processor (16GB DDR4/512GB SSD/6GB RTX3050 Graphics/144Hz/Win11Home/Wifi 6) AL15G-53, 39.62cm (15.6"") FHD Display, Premium Metal Body, Steel Gray, 1.99KG"	60341.0	0.15			True	Fri, 15 Nov
Lenovo [Smartchoice LOQ 12th Gen Intel Core i5-12450HX /39.6cm/ 144Hz 300Nits FHD Gaming Laptop (16GB/512GB SSD/Win 11/ RTX 3050 6GB Graphics/100% sRGB/MSO 21/3 Mon Game Pass/Grey/2.4Kg), 83GS003UIN	74190.0	0.23	3.9	407	True	Tomorrow, 14 Nov
ASUS Vivobook 15 Intel Core i5 12th Gen 1235U - (16 GB/512 GB SSD/Windows 11 Home) X1504ZA-NJ549WS Thin and Light Laptop (15.6 Inch, Quiet Blue, 1.70 kg, with MS Office)	49890.0	0.33	4.4	3	True	Sat, 16 Nov
ASUS Vivobook 15 Intel Core i5 12th Gen 1235U - (16 GB/512 GB SSD/Windows 11 Home) X1504ZA-NJ549WS Thin and Light Laptop (...)	49890.0	33.0	4.4	3	FREE delivery Sat, 16 Nov	
(Refurbished) Lenovo ThinkPad P52 8th Gen Intel Core i7 Workstation FHD Laptop (...)	29689.0	67.0	3.7	55	FREE delivery Mon, 18 Nov	Or fastest delivery Sat, 16 Nov
"Dell 15 Thin & Light Laptop, Intel Core 13th Generation i5-1334U Processor, 16GB DDR4 & 512GB SSD, 15.6"" (39.62cm) FHD 120..."	52490.0	26.0	3.8	41	₹99 delivery Tomorrow, 14 Nov	Or fastest delivery Sat, 16 Nov
Thomson NEO 14.1 Inch IN-N14C Intel Dual Core Processor & Window 11 Home Notebook (...)	14990.0	25.0			FREE delivery Fri, 15 Nov	Or fastest delivery Tomorrow, 14 Nov
MSI Modern 14 Intel Core i3 12th Gen 1215U - (8 GB/512 GB SSD/Windows 11 Home) Modern 14 C12M-445IN / Modern 14 C12MO-1022...	29990.0	33.0			FREE delivery Mon, 18 Nov	
HP Laptop 15s AMD Ryzen 7 5700U, 15.6-inch(39.6 cm) FHD, Anti-Glare Laptop (...)	48990.0	24.0	3.5	6	FREE delivery Fri, 15 Nov	Or fastest delivery Tomorrow, 14 Nov
"Dell 15 Laptop, 13th Gen Intel Core i5-1335U Processor/ 8GB/ 512GB SSD/15.6"" (39.62cm) FHD AG 120Hz 250 nits Narrow Borde..."	49990.0	25.0	3.8	41	FREE delivery Sat, 16 Nov	Or fastest delivery Fri, 15 Nov
(Renewed) Dell Latitude Laptop E5470 Intel Core i5 6th Gen. - 6200u Processor, 16 GB Ram & 256 GB SSD, 14.1 Inches HD Scre...	18990.0	68.0	4.0	6	FREE delivery	
MSI Modern 15, Intel 13th Gen. i5-1335U, 40CM FHD 60Hz Laptop (...)	41990.0	43.0	4.4	6	FREE delivery Fri, 15 Nov	Or fastest delivery Tomorrow, 14 Nov
HP Laptop 255 G9 (2024), AMD Ryzen 5 5625U Hexa Core - (8GB/512GB SSD/AMD Radeon Graphics/Windows 11 Pro) Thin and Light B...	33210.0	56.0	5.0	2	FREE delivery Mon, 18 Nov	
"ASUS Vivobook 16, 16"" (40.64cm) WUXGA 16:10 60 Hz, Intel Core i5-12500H, Thin & Light Laptop (...)"	52990.0	27.0	3.6	23	FREE delivery Fri, 15 Nov	Or fastest delivery Tomorrow, 14 Nov
"ASUS Vivobook 15 (2023), Intel Core i3-1315U 13th Gen, 15.6"" (39.62 cms) FHD, Thin and Light Laptop (...)"	38990.0	33.0	3.9	74	FREE delivery Sun, 17 Nov	
"HP 15s Core i3 12th Gen (8GB RAM/512GB SSD/FHD/MS Office 21/Windows 11/15.6"" (39.6cm)/Silver/1.69 kg) fy5011TU Laptop"	37490.0	23.0	3.3	48	FREE delivery Fri, 15 Nov	Or fastest delivery Tomorrow, 14 Nov
HP Pavilion Aero, Lightest AI PC, AMD Ryzen 5 8640U, 13.3-inch, WUXGA, 400 nits, 16GB LPDDR5x, 512GB SSD, AMD Radeon Graph...	74990.0	18.0	4.2	32	FREE delivery Fri, 15 Nov	Or fastest delivery Tomorrow, 14 Nov
(Refurbished) HP EliteBook 820 G4 7th Gen Intel Core i5 Thin & Light HD Laptop (...)	15885.0	82.0			FREE delivery Mon, 18 Nov	Or fastest delivery Sat, 16 Nov
